customer_id;recency_days;frequency;monetary;first_name;last_name;email;R_score;F_score;M_score;RFM_score;segment
2001.0;91;2;203.92000000000002;Eha;Aas;eha.aas@telia.ee;4;1;1;6;At risk
2004.0;71;2;1198.56;Jaak;Talvik;jaak.talvik@mail.ee;4;1;4;9;Potential
2005.0;148;4;959.5999999999999;Raivo;Koppel;raivo.koppel@yahoo.com;3;4;4;11;Loyal
2006.0;477;1;327.06;Aili;Must;;1;1;1;3;Lost
2007.0;29;1;318.63;Ragnar;Männik;ragnar.mannik@gmail.com;5;1;1;7;Potential
2008.0;76;5;1294.32;Külli;Paas;kulli.paas@mail.ee;4;4;4;12;Loyal
2009.0;224;3;2255.21;Madis;Mitt;madis.mitt@yahoo.com;2;3;5;10;Loyal
2012.0;304;3;841.5;Merle;Kukk;merle.kukk@outlook.com;2;3;3;8;Potential
2013.0;145;2;364.20000000000005;Elis;Oja;;3;1;2;6;At risk
2014.0;430;5;1066.15;Rain;Kivi;;1;4;4;9;Potential
2015.0;13;2;345.24;Grete;Rosin;grete.rosin@telia.ee;5;1;1;7;Potential
2016.0;588;1;664.26;Marika;Lill;;1;1;3;5;At risk
2017.0;386;4;904.65;Kadri;Vaher;kadri.vaher@telia.ee;1;4;3;8;Potential
2018.0;222;3;1281.17;Marika;Nurk;marika.nurk@gmail.com;2;3;4;9;Potential
2019.0;247;5;1653.15;Heino;Tammik;heino.tammik@mail.ee;2;4;5;11;Loyal
2020.0;97;3;923.9;Heli;Pärn;heli.parn@telia.ee;4;3;3;10;Loyal
2022.0;194;5;814.1700000000001;Liina;Mägi;liina.magi@yahoo.com;3;4;3;10;Loyal
2023.0;398;1;583.71;Reet;Kivi;reet.kivi@hot.ee;1;1;2;4;At risk
2024.0;32;2;345.93;Rain;Lõhmus;rain.lohmus@outlook.com;5;1;1;7;Potential
2025.0;70;6;1804.79;Väino;Lepik;vaino.lepik@gmail.com;4;5;5;14;VIP Champions
2026.0;83;7;1933.66;Kati;Mitt;kati.mitt@gmail.com;4;5;5;14;VIP Champions
2027.0;65;4;1357.05;Heli;Laas;heli.laas@mail.ee;4;4;4;12;Loyal
2028.0;107;3;496.83000000000004;Tiina;Saar;tiina.saar@telia.ee;4;3;2;9;Potential
2029.0;278;3;1888.0600000000002;Meelis;Lill;meelis.lill@gmail.com;2;3;5;10;Loyal
2030.0;160;2;2391.13;Rein;Lill;rein.lill@hot.ee;3;1;5;9;Potential
2031.0;115;6;2052.0499999999997;Ants;Kangur;ants.kangur@mail.ee;4;5;5;14;VIP Champions
2032.0;117;1;215.58;Tiit;Toom;tiit.toom@gmail.com;4;1;1;6;At risk
2033.0;140;3;950.18;Rein;Teder;rein.teder@hot.ee;3;3;3;9;Potential
2034.0;104;5;1431.18;Pille;Lepik;pille.lepik@hot.ee;4;4;5;13;VIP Champions
2035.0;241;3;1481.19;Mihkel;Pärn;mihkel.parn@gmail.com;2;3;5;10;Loyal
2036.0;110;2;571.48;Sigrid;Põld;sigrid.pold@gmail.com;4;1;2;7;Potential
2037.0;60;3;893.3000000000001;Lea;Veski;lea.veski@telia.ee;5;3;3;11;Loyal
2038.0;293;1;1484.2;Jüri;Kask;juri.kask@telia.ee;2;1;5;8;Potential
2040.0;134;3;453.53999999999996;Liina;Lepp;liina.lepp@outlook.com;3;3;2;8;Potential
2041.0;725;2;1275.25;Riina;Roots;riina.roots@yahoo.com;1;1;4;6;At risk
2042.0;152;2;147.0;Merike;Laas;merike.laas@hot.ee;3;1;1;5;At risk
2044.0;107;3;419.37;Lauri;Aas;lauri.aas@outlook.com;4;3;2;9;Potential
2046.0;98;7;1422.57;Henri;Lepik;henri.lepik@telia.ee;4;5;4;13;VIP Champions
2047.0;312;1;196.91;Ants;Lepp;ants.lepp@yahoo.com;2;1;1;4;At risk
2048.0;114;2;264.74;Mart;Mets;mart.mets@outlook.com;4;1;1;6;At risk
2049.0;117;4;1364.73;Raivo;Salu;raivo.salu@yahoo.com;4;4;4;12;Loyal
2050.0;117;3;591.24;Tiina;Toom;;4;3;2;9;Potential
2051.0;47;3;956.89;Ene;Arro;;5;3;4;12;Loyal
2052.0;143;3;1073.25;Annika;Järv;annika.jarv@hot.ee;3;3;4;10;Loyal
2053.0;319;4;1198.6200000000001;Sigrid;Vaher;sigrid.vaher@yahoo.com;2;4;4;10;Loyal
2054.0;277;4;913.91;Aili;Veski;aili.veski@mail.ee;2;4;3;9;Potential
2055.0;92;2;494.63;Rain;Salu;rain.salu@gmail.com;4;1;2;7;Potential
2056.0;29;3;226.03;Hille;Kull;hille.kull@yahoo.com;5;3;1;9;Potential
2058.0;11;1;312.26;Laura;Vaher;laura.vaher@telia.ee;5;1;1;7;Potential
2059.0;81;4;1044.97;Tiina;Järv;tiina.jarv@telia.ee;4;4;4;12;Loyal
2061.0;681;1;57.08;Toomas;Rosin;toomas.rosin@gmail.com;1;1;1;3;Lost
2062.0;71;2;387.70000000000005;Triin;Lill;triin.lill@mail.ee;4;1;2;7;Potential
2063.0;332;1;81.48;Jüri;Roots;juri.roots@gmail.com;1;1;1;3;Lost
2064.0;192;4;900.95;Väino;Kuusik;vaino.kuusik@hot.ee;3;4;3;10;Loyal
2065.0;220;1;45.21;Priit;Tammik;priit.tammik@telia.ee;2;1;1;4;At risk
2066.0;241;2;351.95000000000005;Lauri;Paju;lauri.paju@telia.ee;2;1;2;5;At risk
2067.0;115;3;709.47;Marko;Pärn;marko.parn@hot.ee;4;3;3;10;Loyal
2068.0;80;4;783.78;Ülle;Valk;ulle.valk@outlook.com;4;4;3;11;Loyal
2069.0;23;4;1310.02;Erkki;Luik;erkki.luik@yahoo.com;5;4;4;13;VIP Champions
2070.0;27;5;1741.54;Pille;Rebane;pille.rebane@gmail.com;5;4;5;14;VIP Champions
2071.0;289;5;493.20000000000005;Tarmo;Põld;tarmo.pold@outlook.com;2;4;2;8;Potential
2072.0;17;2;541.34;Heino;Tammik;;5;1;2;8;Potential
2073.0;401;2;2233.7000000000003;Madis;Roots;madis.roots@mail.ee;1;1;5;7;Potential
2074.0;526;3;1231.97;Kalev;Raud;kalev.raud@hot.ee;1;3;4;8;Potential
2075.0;69;3;581.54;Piret;Lõoke;piret.looke@outlook.com;4;3;2;9;Potential
2076.0;401;1;351.62;Terje;Nurk;terje.nurk@hot.ee;1;1;2;4;At risk
2077.0;59;4;1632.05;Siim;Must;siim.must@outlook.com;5;4;5;14;VIP Champions
2078.0;539;3;659.35;Aili;Paas;aili.paas@yahoo.com;1;3;3;7;Potential
2079.0;160;2;187.20999999999998;Tiit;Talvik;tiit.talvik@gmail.com;3;1;1;5;At risk
2080.0;198;3;1063.2;Tiina;Kangur;tiina.kangur@gmail.com;3;3;4;10;Loyal
2081.0;334;3;792.99;Kaido;Lass;kaido.lass@telia.ee;1;3;3;7;Potential
2082.0;151;2;520.61;Kristi;Rebane;kristi.rebane@hot.ee;3;1;2;6;At risk
2083.0;1;2;605.69;Heino;Kuusk;heino.kuusk@mail.ee;5;1;2;8;Potential
2084.0;169;2;527.21;Grete;Must;grete.must@yahoo.com;3;1;2;6;At risk
2085.0;65;4;606.26;Henri;Lill;henri.lill@gmail.com;4;4;2;10;Loyal
2087.0;208;3;936.1800000000001;Taavi;Sepp;taavi.sepp@telia.ee;2;3;3;8;Potential
2088.0;171;1;439.66;Pille;Paas;;3;1;2;6;At risk
2090.0;189;3;935.06;Taavi;Koppel;taavi.koppel@yahoo.com;3;3;3;9;Potential
2091.0;206;2;1216.95;Rasmus;Mägi;rasmus.magi@mail.ee;2;1;4;7;Potential
2092.0;315;1;405.04;Ene;Pihl;ene.pihl@telia.ee;2;1;2;5;At risk
2093.0;432;4;1511.21;Merike;Luik;merike.luik@gmail.com;1;4;5;10;Loyal
2095.0;389;5;1055.76;Madis;Lill;madis.lill@telia.ee;1;4;4;9;Potential
2096.0;286;4;1000.87;Reet;Laas;reet.laas@gmail.com;2;4;4;10;Loyal
2097.0;123;5;715.54;Kati;Aas;kati.aas@telia.ee;3;4;3;10;Loyal
2098.0;191;1;225.36;Karin;Rebane;karin.rebane@hot.ee;3;1;1;5;At risk
2099.0;106;5;1199.12;Madis;Toom;madis.toom@gmail.com;4;4;4;12;Loyal
2100.0;322;1;80.39;Rein;Arro;rein.arro@hot.ee;2;1;1;4;At risk
2103.0;186;2;312.33000000000004;Kadri;Kivi;kadri.kivi@gmail.com;3;1;1;5;At risk
2104.0;182;4;1285.72;Sandra;Lass;sandra.lass@mail.ee;3;4;4;11;Loyal
2106.0;26;3;692.29;Arvo;Kull;arvo.kull@hot.ee;5;3;3;11;Loyal
2107.0;188;3;997.6400000000001;Heino;Rosin;;3;3;4;10;Loyal
2108.0;112;6;2169.41;Väino;Nurk;vaino.nurk@mail.ee;4;5;5;14;VIP Champions
2109.0;240;1;121.51;Toomas;Männik;toomas.mannik@telia.ee;2;1;1;4;At risk
2110.0;413;4;405.04;Kristi;Talvik;kristi.talvik@outlook.com;1;4;2;7;Potential
2111.0;125;3;1918.08;Urmas;Rand;;3;3;5;11;Loyal
2112.0;136;3;820.4200000000001;Madis;Salu;;3;3;3;9;Potential
2113.0;285;2;189.08;Lea;Kangur;lea.kangur@yahoo.com;2;1;1;4;At risk
2114.0;331;3;1037.37;Kristi;Lill;kristi.lill@yahoo.com;1;3;4;8;Potential
2115.0;13;6;1635.44;Anu;Sild;anu.sild@yahoo.com;5;5;5;15;VIP Champions
2117.0;160;4;2215.73;Merike;Koppel;merike.koppel@outlook.com;3;4;5;12;Loyal
2118.0;102;3;611.11;Rasmus;Sepp;rasmus.sepp@gmail.com;4;3;2;9;Potential
2119.0;51;6;1243.09;Meelis;Ilves;meelis.ilves@gmail.com;5;5;4;14;VIP Champions
2120.0;268;3;805.1300000000001;Grete;Kukk;grete.kukk@hot.ee;2;3;3;8;Potential
2121.0;237;2;302.84000000000003;Katrin;Roots;katrin.roots@gmail.com;2;1;1;4;At risk
2122.0;752;1;16.62;Sander;Nõmm;sander.nomm@mail.ee;1;1;1;3;Lost
2123.0;3;3;983.6700000000001;Peeter;Veski;peeter.veski@outlook.com;5;3;4;12;Loyal
2124.0;234;2;363.28000000000003;Mart;Rebane;mart.rebane@telia.ee;2;1;2;5;At risk
2126.0;60;2;263.86;Terje;Kangur;terje.kangur@yahoo.com;5;1;1;7;Potential
2127.0;381;1;334.46;Karin;Männik;karin.mannik@gmail.com;1;1;1;3;Lost
2128.0;475;3;800.3199999999999;Kristi;Kuusk;kristi.kuusk@gmail.com;1;3;3;7;Potential
2129.0;444;2;197.7;Anu;Oja;anu.oja@mail.ee;1;1;1;3;Lost
2130.0;216;3;941.0699999999999;Marko;Kaalep;marko.kaalep@mail.ee;2;3;3;8;Potential
2132.0;177;6;1806.17;Sigrid;Paas;sigrid.paas@gmail.com;3;5;5;13;VIP Champions
2133.0;10;2;350.75;Margus;Roots;margus.roots@mail.ee;5;1;2;8;Potential
2136.0;522;2;1102.95;Hille;Nõmm;hille.nomm@mail.ee;1;1;4;6;At risk
2137.0;232;3;674.3;Margus;Kallas;margus.kallas@telia.ee;2;3;3;8;Potential
2139.0;297;2;284.13;Grete;Luik;grete.luik@mail.ee;2;1;1;4;At risk
2140.0;106;1;451.62;Henri;Salu;henri.salu@mail.ee;4;1;2;7;Potential
2141.0;167;3;678.09;Aivar;Lepik;aivar.lepik@mail.ee;3;3;3;9;Potential
2142.0;125;4;572.59;Henri;Mitt;henri.mitt@telia.ee;3;4;2;9;Potential
2143.0;220;7;1863.9699999999998;Piret;Nõmm;piret.nomm@hot.ee;2;5;5;12;Loyal
2144.0;72;1;210.76;Priit;Orav;priit.orav@telia.ee;4;1;1;6;At risk
2147.0;75;1;558.86;Anna;Sepp;anna.sepp@outlook.com;4;1;2;7;Potential
2148.0;107;1;411.78;Madis;Lass;madis.lass@telia.ee;4;1;2;7;Potential
2149.0;245;2;543.76;Ago;Rand;ago.rand@yahoo.com;2;2;2;6;At risk
2150.0;11;1;229.55;Külli;Talvik;kulli.talvik@telia.ee;5;1;1;7;Potential
2151.0;58;1;446.95;Tõnu;Valk;;5;1;2;8;Potential
2153.0;299;2;397.71;Maie;Roots;maie.roots@hot.ee;2;2;2;6;At risk
2154.0;10;66;20726.79;Annika;Saar;annika.saar@telia.ee;5;5;5;15;VIP Champions
2156.0;75;5;1149.93;Rasmus;Rosin;rasmus.rosin@hot.ee;4;5;4;13;VIP Champions
2157.0;23;2;1131.46;Raivo;Salu;raivo.salu2@yahoo.com;5;2;4;11;Loyal
2158.0;145;2;1207.22;Rein;Kull;rein.kull@telia.ee;3;2;4;9;Potential
2159.0;376;2;1070.58;Rein;Luik;;1;2;4;7;Potential
2160.0;392;2;598.4300000000001;Rein;Sild;rein.sild@hot.ee;1;2;2;5;At risk
2162.0;165;2;451.82;Ants;Kangur;ants.kangur@telia.ee;3;2;2;7;Potential
2163.0;8;5;2542.08;Kadri;Kull;kadri.kull@hot.ee;5;5;5;15;VIP Champions
2164.0;386;1;205.0;Kadri;Saar;kadri.saar@hot.ee;1;1;1;3;Lost
2165.0;129;3;902.9;Rain;Luik;rain.luik@telia.ee;3;3;3;9;Potential
2166.0;98;1;232.61;Indrek;Järv;indrek.jarv@telia.ee;4;1;1;6;At risk
2167.0;141;5;2032.9099999999999;Ants;Kaalep;;3;5;5;13;VIP Champions
2168.0;669;3;881.22;Priit;Luik;priit.luik@outlook.com;1;3;3;7;Potential
2169.0;200;1;53.01;Henri;Kangur;henri.kangur@mail.ee;3;1;1;5;At risk
2170.0;23;1;327.28;Lea;Aas;lea.aas@hot.ee;5;1;1;7;Potential
2172.0;401;2;746.53;Eha;Kivi;eha.kivi@hot.ee;1;2;3;6;At risk
2174.0;215;3;2285.2200000000003;Piret;Kask;piret.kask@telia.ee;2;3;5;10;Loyal
2175.0;123;6;1342.4;Olev;Kull;olev.kull@hot.ee;3;5;4;12;Loyal
2176.0;165;3;777.0;Sandra;Pihl;sandra.pihl@mail.ee;3;3;3;9;Potential
2177.0;460;1;141.05;Reet;Liiv;reet.liiv@telia.ee;1;1;1;3;Lost
2178.0;61;4;1435.76;Karin;Oja;karin.oja@mail.ee;4;4;5;13;VIP Champions
2179.0;142;4;1374.26;Piret;Must;piret.must@yahoo.com;3;4;4;11;Loyal
2180.0;688;2;1451.98;Sirje;Kangur;sirje.kangur@outlook.com;1;2;5;8;Potential
2182.0;68;1;26.79;Jaak;Kallas;jaak.kallas@hot.ee;4;1;1;6;At risk
2183.0;260;7;2139.4700000000003;Kevin;Puusepp;kevin.puusepp@yahoo.com;2;5;5;12;Loyal
2184.0;464;2;553.85;Ragnar;Kõiv;ragnar.koiv@yahoo.com;1;2;2;5;At risk
2186.0;341;2;240.06;Triin;Tamm;triin.tamm@mail.ee;1;2;1;4;At risk
2187.0;81;5;1175.46;Aili;Paas;aili.paas@outlook.com;4;5;4;13;VIP Champions
2189.0;572;1;110.7;Toomas;Koppel;toomas.koppel@outlook.com;1;1;1;3;Lost
2190.0;38;2;942.11;Väino;Mitt;vaino.mitt@yahoo.com;5;2;3;10;Loyal
2191.0;197;4;924.33;Mihkel;Pihl;mihkel.pihl@hot.ee;3;4;3;10;Loyal
2192.0;67;8;2695.53;Marit;Talvik;marit.talvik@mail.ee;4;5;5;14;VIP Champions
2193.0;85;3;1066.29;Urmas;Toom;urmas.toom@yahoo.com;4;3;4;11;Loyal
2195.0;13;3;523.79;Kersti;Mets;kersti.mets@gmail.com;5;3;2;10;Loyal
2196.0;1;10;4059.96;Marika;Must;marika.must@outlook.com;5;5;5;15;VIP Champions
2197.0;76;4;2231.4;Sandra;Nõmm;sandra.nomm@yahoo.com;4;4;5;13;VIP Champions
2198.0;37;1;458.02;Ülle;Põld;ulle.pold@mail.ee;5;1;2;8;Potential
2199.0;94;1;347.16;Riina;Luik;riina.luik@mail.ee;4;1;2;7;Potential
2200.0;222;5;1998.45;Urmas;Laas;urmas.laas@outlook.com;2;5;5;12;Loyal
2201.0;257;2;172.52;Kevin;Pihl;kevin.pihl@gmail.com;2;2;1;5;At risk
2202.0;237;3;1708.3400000000001;Indrek;Org;indrek.org@yahoo.com;2;3;5;10;Loyal
2203.0;157;3;925.97;Ago;Kukk;;3;3;3;9;Potential
2204.0;4;1;166.27;Ene;Org;ene.org@outlook.com;5;1;1;7;Potential
2205.0;336;3;1127.92;Liina;Kivi;;1;3;4;8;Potential
2206.0;201;5;628.34;Ago;Lõoke;;3;5;2;10;Loyal
2207.0;45;3;939.4599999999999;Kalev;Mägi;kalev.magi@yahoo.com;5;3;3;11;Loyal
2208.0;107;6;2265.19;Rasmus;Rand;rasmus.rand@mail.ee;4;5;5;14;VIP Champions
2209.0;201;3;995.6400000000001;Kersti;Ilves;kersti.ilves@telia.ee;3;3;4;10;Loyal
2210.0;92;2;723.3299999999999;Ülle;Kaalep;ulle.kaalep@mail.ee;4;2;3;9;Potential
2211.0;292;3;760.31;Kevin;Pihl;kevin.pihl2@gmail.com;2;3;3;8;Potential
2212.0;570;3;918.91;Henri;Roots;;1;3;3;7;Potential
2213.0;164;3;1046.18;Pille;Veski;;3;3;4;10;Loyal
2214.0;705;1;574.44;Maris;Lepp;maris.lepp@telia.ee;1;1;2;4;At risk
2215.0;32;6;1537.23;Karin;Kaalep;karin.kaalep@gmail.com;5;5;5;15;VIP Champions
2216.0;349;2;341.6;Mihkel;Org;mihkel.org@telia.ee;1;2;1;4;At risk
2217.0;205;5;1171.04;Aivar;Paas;aivar.paas@telia.ee;2;5;4;11;Loyal
2218.0;68;4;1374.1;Riina;Lepp;riina.lepp@outlook.com;4;4;4;12;Loyal
2219.0;143;1;181.11;Arvo;Tammik;arvo.tammik@outlook.com;3;1;1;5;At risk
2220.0;91;3;722.73;Reet;Lepp;reet.lepp@outlook.com;4;3;3;10;Loyal
2221.0;5;64;21313.81;Riina;Lill;riina.lill@mail.ee;5;5;5;15;VIP Champions
2222.0;78;6;1309.96;Marko;Nõmm;marko.nomm@telia.ee;4;5;4;13;VIP Champions
2223.0;584;3;784.34;Meelis;Kivi;;1;3;3;7;Potential
2225.0;27;5;1044.45;Meelis;Tamm;meelis.tamm@yahoo.com;5;5;4;14;VIP Champions
2226.0;181;4;702.0;Olev;Arro;olev.arro@hot.ee;3;4;3;10;Loyal
2227.0;99;4;1040.72;Mihkel;Rosin;mihkel.rosin@yahoo.com;4;4;4;12;Loyal
2228.0;116;4;737.26;Mart;Lõhmus;mart.lohmus@hot.ee;4;4;3;11;Loyal
2229.0;44;1;592.8;Liis;Liiv;liis.liiv@hot.ee;5;1;2;8;Potential
2230.0;495;4;814.97;Jüri;Veski;juri.veski@mail.ee;1;4;3;8;Potential
2231.0;157;3;1071.04;Enn;Raid;enn.raid@gmail.com;3;3;4;10;Loyal
2232.0;489;1;166.27;Olev;Talvik;olev.talvik@hot.ee;1;1;1;3;Lost
2233.0;86;1;989.97;Andres;Laas;andres.laas@gmail.com;4;1;4;9;Potential
2235.0;81;4;988.37;Kristi;Nõmm;kristi.nomm@gmail.com;4;4;4;12;Loyal
2236.0;191;2;235.49;Rasmus;Veski;rasmus.veski@gmail.com;3;2;1;6;At risk
2238.0;60;2;447.65999999999997;Tõnu;Kull;tonu.kull@gmail.com;5;2;2;9;Potential
2239.0;101;1;184.07;Sander;Ilves;sander.ilves@gmail.com;4;1;1;6;At risk
2240.0;22;6;1603.35;Urmas;Lass;urmas.lass@outlook.com;5;5;5;15;VIP Champions
2241.0;258;3;612.84;Lea;Mets;lea.mets@telia.ee;2;3;2;7;Potential
2242.0;24;5;1695.49;Ene;Kull;ene.kull@hot.ee;5;5;5;15;VIP Champions
2243.0;236;3;1078.13;Anna;Veski;anna.veski@yahoo.com;2;3;4;9;Potential
2244.0;30;4;852.81;Aivar;Ilves;aivar.ilves@gmail.com;5;4;3;12;Loyal
2245.0;102;5;1724.15;Kevin;Liiv;kevin.liiv@yahoo.com;4;5;5;14;VIP Champions
2246.0;38;2;126.08000000000001;Kadri;Nurk;kadri.nurk@gmail.com;5;2;1;8;Potential
2247.0;191;3;1006.4100000000001;Külli;Pihl;kulli.pihl@hot.ee;3;3;4;10;Loyal
2248.0;559;3;1829.2;Kristiina;Lill;kristiina.lill@mail.ee;1;3;5;9;Potential
2249.0;73;2;582.76;Ago;Koppel;ago.koppel@yahoo.com;4;2;2;8;Potential
2250.0;331;2;269.53999999999996;Heino;Kivi;heino.kivi@telia.ee;1;2;1;4;At risk
2251.0;219;3;718.16;Rein;Orav;rein.orav@gmail.com;2;3;3;8;Potential
2252.0;60;4;1381.27;Reet;Laas;reet.laas@outlook.com;5;4;4;13;VIP Champions
2253.0;453;1;307.24;Kati;Luik;kati.luik@telia.ee;1;1;1;3;Lost
2254.0;498;1;848.85;Kristjan;Roots;kristjan.roots@telia.ee;1;1;3;5;At risk
2255.0;92;3;577.66;Nele;Rebane;nele.rebane@yahoo.com;4;3;2;9;Potential
2256.0;169;5;2433.85;Urmas;Põld;urmas.pold@mail.ee;3;5;5;13;VIP Champions
2257.0;90;7;2165.37;Katrin;Järv;katrin.jarv@mail.ee;4;5;5;14;VIP Champions
2258.0;116;1;15.09;Enn;Saar;enn.saar@telia.ee;4;1;1;6;At risk
2259.0;292;3;646.35;Margus;Laas;margus.laas@telia.ee;2;3;3;8;Potential
2260.0;111;2;317.53000000000003;Karin;Org;karin.org@outlook.com;4;2;1;7;Potential
2261.0;39;3;887.48;Kristjan;Rand;kristjan.rand@outlook.com;5;3;3;11;Loyal
2262.0;745;1;304.14;Mart;Lõoke;mart.looke@mail.ee;1;1;1;3;Lost
2264.0;63;5;528.28;Katrin;Laas;katrin.laas@yahoo.com;4;5;2;11;Loyal
2265.0;387;4;1683.88;Sander;Mägi;sander.magi@hot.ee;1;4;5;10;Loyal
2266.0;220;2;371.47;Toomas;Kivi;toomas.kivi@telia.ee;2;2;2;6;At risk
2267.0;184;3;1240.48;Terje;Tamm;terje.tamm@gmail.com;3;3;4;10;Loyal
2269.0;23;2;381.59999999999997;Merle;Mets;merle.mets@outlook.com;5;2;2;9;Potential
2270.0;79;7;2488.45;Hille;Sepp;hille.sepp@outlook.com;4;5;5;14;VIP Champions
2271.0;8;1;231.13;Liis;Põld;liis.pold@hot.ee;5;1;1;7;Potential
2272.0;21;7;1574.51;Taavi;Pihl;taavi.pihl@hot.ee;5;5;5;15;VIP Champions
2273.0;589;1;541.98;Kaido;Liiv;kaido.liiv@outlook.com;1;1;2;4;At risk
2274.0;142;3;417.47;Grete;Mets;;3;3;2;8;Potential
2275.0;65;3;858.98;Sirje;Järv;;4;3;3;10;Loyal
2276.0;346;2;693.0;Kalev;Kukk;kalev.kukk@yahoo.com;1;2;3;6;At risk
2277.0;320;3;1016.62;Meelis;Lepp;meelis.lepp@outlook.com;2;3;4;9;Potential
2279.0;9;5;2683.8599999999997;Ants;Puusepp;ants.puusepp@gmail.com;5;5;5;15;VIP Champions
2281.0;94;5;1148.76;Maris;Kuusik;maris.kuusik@telia.ee;4;5;4;13;VIP Champions
2282.0;78;3;732.34;Margus;Pärn;margus.parn@hot.ee;4;3;3;10;Loyal
2284.0;635;1;210.36;Liis;Järv;liis.jarv@outlook.com;1;1;1;3;Lost
2285.0;44;5;2925.69;Maie;Pärn;maie.parn@hot.ee;5;5;5;15;VIP Champions
2286.0;67;1;727.29;Jüri;Salu;juri.salu@yahoo.com;4;1;3;8;Potential
2287.0;254;3;177.58;Aili;Mägi;aili.magi@mail.ee;2;3;1;6;At risk
2288.0;44;2;2015.75;Tiit;Arro;tiit.arro@hot.ee;5;2;5;12;Loyal
2289.0;223;2;562.2;Maie;Arro;maie.arro@hot.ee;2;2;2;6;At risk
2290.0;52;4;536.4;Arvo;Paas;arvo.paas@yahoo.com;5;4;2;11;Loyal
2291.0;317;2;986.24;Liis;Kukk;liis.kukk@telia.ee;2;2;4;8;Potential
2292.0;94;1;86.14;Marko;Aas;marko.aas@outlook.com;4;1;1;6;At risk
2293.0;262;1;417.66;Siim;Vaher;siim.vaher@mail.ee;2;1;2;5;At risk
2294.0;145;3;1158.1299999999999;Merle;Luik;merle.luik@hot.ee;3;3;4;10;Loyal
2295.0;227;3;889.21;Tõnu;Nurk;tonu.nurk@outlook.com;2;3;3;8;Potential
2296.0;26;3;1432.91;Rain;Pihl;;5;3;5;13;VIP Champions
2297.0;79;3;556.09;Ene;Lill;ene.lill@gmail.com;4;3;2;9;Potential
2298.0;91;4;636.19;Heino;Lõhmus;heino.lohmus@hot.ee;4;4;3;11;Loyal
2299.0;339;5;2115.43;Indrek;Kuusk;;1;5;5;11;Loyal
2300.0;106;3;689.77;Piret;Raud;piret.raud@telia.ee;4;3;3;10;Loyal
2301.0;36;3;657.58;Siim;Nõmm;siim.nomm@mail.ee;5;3;3;11;Loyal
2302.0;60;5;2127.16;Urmas;Tammik;urmas.tammik@mail.ee;5;5;5;15;VIP Champions
2303.0;87;3;1795.17;Annika;Saar;annika.saar@gmail.com;4;3;5;12;Loyal
2304.0;86;4;1160.54;Tiit;Rosin;tiit.rosin@mail.ee;4;4;4;12;Loyal
2305.0;453;2;724.08;Mart;Nõmm;mart.nomm@gmail.com;1;2;3;6;At risk
2306.0;400;2;574.12;Heino;Luik;heino.luik@mail.ee;1;2;2;5;At risk
2307.0;182;2;616.51;Väino;Kukk;vaino.kukk@mail.ee;3;2;2;7;Potential
2308.0;470;1;269.85;Ants;Teder;ants.teder@outlook.com;1;1;1;3;Lost
2309.0;563;1;67.75;Elis;Saar;;1;1;1;3;Lost
2310.0;498;1;153.11;Tiina;Hurt;;1;1;1;3;Lost
2311.0;407;3;741.72;Mihkel;Saar;mihkel.saar@mail.ee;1;3;3;7;Potential
2312.0;202;4;997.5799999999999;Marko;Kallas;marko.kallas@gmail.com;3;4;4;11;Loyal
2313.0;37;1;1129.05;Mart;Kõiv;mart.koiv@mail.ee;5;1;4;10;Loyal
2315.0;65;2;229.17000000000002;Anna;Männik;anna.mannik@telia.ee;4;2;1;7;Potential
2317.0;341;5;2142.56;Pille;Raud;pille.raud@gmail.com;1;5;5;11;Loyal
2318.0;28;11;3148.8;Anu;Teder;anu.teder@yahoo.com;5;5;5;15;VIP Champions
2319.0;281;1;201.14;Kristiina;Lass;kristiina.lass@telia.ee;2;1;1;4;At risk
2323.0;5;1;385.32;Arvo;Kaalep;arvo.kaalep@mail.ee;5;1;2;8;Potential
2324.0;166;3;949.1399999999999;Marko;Ilves;marko.ilves@hot.ee;3;3;3;9;Potential
2326.0;70;3;951.23;Tarmo;Luik;tarmo.luik@gmail.com;4;3;3;10;Loyal
2327.0;287;4;2282.28;Arvo;Arro;arvo.arro@yahoo.com;2;4;5;11;Loyal
2328.0;26;2;420.52;Anu;Kuusk;anu.kuusk@mail.ee;5;2;2;9;Potential
2329.0;1;1;198.29;Indrek;Puusepp;indrek.puusepp@hot.ee;5;1;1;7;Potential
2330.0;143;5;1426.6;Nele;Pihl;nele.pihl@telia.ee;3;5;5;13;VIP Champions
2331.0;9;6;1215.71;Katrin;Kivi;katrin.kivi@mail.ee;5;5;4;14;VIP Champions
2332.0;63;3;1278.22;Marika;Toom;marika.toom@outlook.com;4;3;4;11;Loyal
2333.0;20;2;1732.25;Kristiina;Lill;kristiina.lill@yahoo.com;5;2;5;12;Loyal
2334.0;7;1;318.5;Liina;Must;;5;1;1;7;Potential
2335.0;82;5;1602.8700000000001;Kersti;Laas;kersti.laas@outlook.com;4;5;5;14;VIP Champions
2336.0;109;2;861.12;Lea;Orav;lea.orav@telia.ee;4;2;3;9;Potential
2337.0;141;5;1569.08;Enn;Põld;enn.pold@yahoo.com;3;5;5;13;VIP Champions
2338.0;480;2;368.82;Kevin;Pärn;kevin.parn@telia.ee;1;2;2;5;At risk
2339.0;512;2;661.17;Margus;Lass;margus.lass@outlook.com;1;2;3;6;At risk
2341.0;153;1;94.76;Jüri;Männik;juri.mannik@gmail.com;3;1;1;5;At risk
2342.0;250;3;880.46;Andres;Saar;andres.saar@hot.ee;2;3;3;8;Potential
2343.0;67;7;3118.4500000000003;Tarmo;Nõmm;tarmo.nomm@outlook.com;4;5;5;14;VIP Champions
2344.0;564;3;620.4300000000001;Liis;Lõoke;liis.looke@gmail.com;1;3;2;6;At risk
2346.0;115;4;754.0;Külli;Kuusik;kulli.kuusik@telia.ee;4;4;3;11;Loyal
2347.0;114;4;610.02;Lea;Aas;;4;4;2;10;Loyal
2348.0;9;3;1432.38;Marika;Puusepp;marika.puusepp@gmail.com;5;3;5;13;VIP Champions
2349.0;10;5;1932.51;Ene;Rebane;ene.rebane@gmail.com;5;5;5;15;VIP Champions
2350.0;172;3;532.15;Madis;Sild;madis.sild@mail.ee;3;3;2;8;Potential
2351.0;3;4;1632.3;Lauri;Nõmm;lauri.nomm@telia.ee;5;4;5;14;VIP Champions
2353.0;248;4;697.72;Elis;Põld;;2;4;3;9;Potential
2354.0;93;1;328.86;Rain;Männik;rain.mannik@gmail.com;4;1;1;6;At risk
2355.0;265;4;1556.09;Indrek;Mets;indrek.mets@mail.ee;2;4;5;11;Loyal
2356.0;333;2;1273.31;Meelis;Kaalep;meelis.kaalep@outlook.com;1;2;4;7;Potential
2357.0;338;2;330.24;Rein;Valk;;1;2;1;4;At risk
2358.0;144;1;154.71;Elis;Liiv;elis.liiv@hot.ee;3;1;1;5;At risk
2359.0;228;3;776.53;Rein;Rand;rein.rand@yahoo.com;2;3;3;8;Potential
2360.0;221;3;720.85;Katrin;Luik;katrin.luik@hot.ee;2;3;3;8;Potential
2362.0;198;2;478.46999999999997;Laura;Paas;laura.paas@mail.ee;3;2;2;7;Potential
2363.0;43;5;1857.31;Tõnu;Tamm;tonu.tamm@hot.ee;5;5;5;15;VIP Champions
2365.0;135;3;733.0899999999999;Väino;Mägi;vaino.magi@gmail.com;3;3;3;9;Potential
2366.0;19;4;422.29999999999995;Liis;Kuusik;liis.kuusik@outlook.com;5;4;2;11;Loyal
2367.0;548;1;520.86;Ülle;Tamm;;1;1;2;4;At risk
2368.0;213;3;1070.57;Ene;Kivi;ene.kivi@hot.ee;2;3;4;9;Potential
2369.0;147;3;756.3;Katrin;Kull;katrin.kull@outlook.com;3;3;3;9;Potential
2370.0;313;3;742.4100000000001;Jaak;Nurk;jaak.nurk@yahoo.com;2;3;3;8;Potential
2371.0;29;4;1542.46;Ülle;Teder;ulle.teder@outlook.com;5;4;5;14;VIP Champions
2372.0;766;1;421.52;Marko;Roots;marko.roots@gmail.com;1;1;2;4;At risk
2373.0;211;4;904.22;Mart;Mägi;;2;4;3;9;Potential
2374.0;24;2;249.3;Maris;Lepp;maris.lepp@yahoo.com;5;2;1;8;Potential
2375.0;191;3;883.77;Väino;Pärn;vaino.parn@gmail.com;3;3;3;9;Potential
2377.0;558;3;568.51;Anu;Kivi;;1;3;2;6;At risk
2378.0;24;2;397.3;Mart;Paju;mart.paju@hot.ee;5;2;2;9;Potential
2379.0;240;3;1171.6399999999999;Marika;Rosin;marika.rosin@outlook.com;2;3;4;9;Potential
2380.0;90;6;1516.83;Marit;Kivi;;4;5;5;14;VIP Champions
2381.0;230;3;1391.22;Väino;Lõoke;vaino.looke@hot.ee;2;3;4;9;Potential
2382.0;75;3;740.83;Lauri;Roots;lauri.roots@gmail.com;4;3;3;10;Loyal
2383.0;3;1;310.9;Erkki;Arro;erkki.arro@mail.ee;5;1;1;7;Potential
2386.0;320;3;515.5899999999999;Mihkel;Tamm;mihkel.tamm@gmail.com;2;3;2;7;Potential
2387.0;74;3;1422.89;Sandra;Lill;sandra.lill@gmail.com;4;3;4;11;Loyal
2388.0;223;2;1098.67;Rein;Rand;rein.rand@gmail.com;2;2;4;8;Potential
2389.0;130;2;361.25;Kevin;Kaalep;kevin.kaalep@telia.ee;3;2;2;7;Potential
2390.0;93;5;1336.33;Triin;Lill;triin.lill@telia.ee;4;5;4;13;VIP Champions
2392.0;368;2;475.53999999999996;Kristiina;Talvik;kristiina.talvik@mail.ee;1;2;2;5;At risk
2393.0;182;1;437.68;Mihkel;Saar;mihkel.saar@telia.ee;3;1;2;6;At risk
2394.0;8;4;1319.6699999999998;Marika;Koppel;marika.koppel@yahoo.com;5;4;4;13;VIP Champions
2395.0;661;1;72.6;Ülle;Nõmm;;1;1;1;3;Lost
2396.0;23;6;1899.01;Heino;Aas;heino.aas@mail.ee;5;5;5;15;VIP Champions
2397.0;231;4;2847.6800000000003;Kalev;Puusepp;kalev.puusepp@outlook.com;2;4;5;11;Loyal
2398.0;172;1;459.76;Kadri;Värk;;3;1;2;6;At risk
2399.0;347;1;209.05;Sander;Kallas;sander.kallas@yahoo.com;1;1;1;3;Lost
2400.0;722;2;1034.9099999999999;Kati;Lõoke;kati.looke@outlook.com;1;2;4;7;Potential
2401.0;66;2;731.37;Ants;Saar;;4;2;3;9;Potential
2402.0;343;3;1121.33;Merike;Järv;merike.jarv@outlook.com;1;3;4;8;Potential
2403.0;82;3;1021.44;Rasmus;Lill;;4;3;4;11;Loyal
2404.0;59;4;912.02;Piret;Orav;piret.orav@mail.ee;5;4;3;12;Loyal
2405.0;532;3;408.0;Laura;Rebane;laura.rebane@mail.ee;1;3;2;6;At risk
2406.0;126;1;482.26;Sigrid;Kõiv;sigrid.koiv@outlook.com;3;1;2;6;At risk
2407.0;155;3;834.55;Taavi;Koppel;taavi.koppel@mail.ee;3;3;3;9;Potential
2409.0;55;4;810.53;Rein;Saar;rein.saar@hot.ee;5;4;3;12;Loyal
2410.0;14;3;374.72;Margus;Kukk;margus.kukk2@hot.ee;5;3;2;10;Loyal
2411.0;91;1;221.19;Piret;Oja;piret.oja@telia.ee;4;1;1;6;At risk
2412.0;241;1;50.85;Marko;Liiv;marko.liiv@telia.ee;2;1;1;4;At risk
2413.0;126;3;338.6;Tõnu;Kaalep;tonu.kaalep@telia.ee;3;3;1;7;Potential
2414.0;23;2;405.96;Riina;Veski;riina.veski@outlook.com;5;2;2;9;Potential
2415.0;11;1;251.96;Kadri;Sild;kadri.sild@hot.ee;5;1;1;7;Potential
2416.0;368;3;407.07;Sander;Rosin;sander.rosin@telia.ee;1;3;2;6;At risk
2417.0;158;3;626.9399999999999;Kristjan;Lepp;kristjan.lepp@gmail.com;3;3;2;8;Potential
2418.0;217;3;795.5400000000001;Marit;Toom;marit.toom@outlook.com;2;3;3;8;Potential
2419.0;366;2;177.6;Merle;Lass;merle.lass@gmail.com;1;2;1;4;At risk
2420.0;143;4;1671.24;Ene;Kangur;ene.kangur@mail.ee;3;4;5;12;Loyal
2422.0;297;5;759.27;Arvo;Paas;arvo.paas@gmail.com;2;5;3;10;Loyal
2423.0;208;7;1475.29;Kristjan;Sild;kristjan.sild@mail.ee;2;5;5;12;Loyal
2424.0;151;3;900.62;Anna;Arro;anna.arro@telia.ee;3;3;3;9;Potential
2425.0;160;4;1834.12;Sirje;Ilves;sirje.ilves@gmail.com;3;4;5;12;Loyal
2427.0;296;3;940.88;Katrin;Lill;katrin.lill@gmail.com;2;3;3;8;Potential
2428.0;84;1;405.14;Grete;Arro;;4;1;2;7;Potential
2429.0;101;4;850.8299999999999;Hille;Pihl;hille.pihl@yahoo.com;4;4;3;11;Loyal
2430.0;190;2;590.73;Kalev;Lill;;3;2;2;7;Potential
2431.0;199;3;845.0799999999999;Jüri;Mets;juri.mets@outlook.com;3;3;3;9;Potential
2432.0;35;3;797.23;Marko;Arro;marko.arro@mail.ee;5;3;3;11;Loyal
2433.0;339;2;261.84000000000003;Tarmo;Tammik;tarmo.tammik@hot.ee;1;2;1;4;At risk
2434.0;20;4;849.14;Enn;Orav;enn.orav@outlook.com;5;4;3;12;Loyal
2435.0;76;5;755.3499999999999;Riina;Rosin;riina.rosin@gmail.com;4;5;3;12;Loyal
2436.0;193;3;1025.57;Grete;Kukk;grete.kukk2@hot.ee;3;3;4;10;Loyal
2439.0;6;4;540.62;Margus;Mitt;margus.mitt@yahoo.com;5;4;2;11;Loyal
2440.0;483;3;645.47;Lea;Must;;1;3;3;7;Potential
2441.0;339;3;1634.1200000000001;Kristjan;Paas;kristjan.paas@gmail.com;1;3;5;9;Potential
2442.0;41;2;1423.93;Külli;Pihl;kulli.pihl2@hot.ee;5;2;4;11;Loyal
2443.0;131;3;1437.3000000000002;Laura;Sild;laura.sild@telia.ee;3;3;5;11;Loyal
2445.0;87;1;307.27;Erkki;Pihl;erkki.pihl@yahoo.com;4;1;1;6;At risk
2446.0;585;1;54.95;Tarmo;Oja;tarmo.oja@gmail.com;1;1;1;3;Lost
2448.0;552;1;542.7;Urmas;Nõmm;urmas.nomm@mail.ee;1;1;2;4;At risk
2449.0;355;2;725.58;Triin;Rand;triin.rand@outlook.com;1;2;3;6;At risk
2450.0;173;2;1057.95;Andres;Rebane;andres.rebane@gmail.com;3;2;4;9;Potential
2451.0;14;2;1317.1799999999998;Lea;Oja;lea.oja@hot.ee;5;2;4;11;Loyal
2454.0;243;2;385.65;Margus;Kallas;margus.kallas2@telia.ee;2;2;2;6;At risk
2456.0;49;5;2096.27;Liis;Must;liis.must@outlook.com;5;5;5;15;VIP Champions
2457.0;239;6;1147.49;Merle;Toom;;2;5;4;11;Loyal
2458.0;167;3;464.15999999999997;Priit;Valk;priit.valk@yahoo.com;3;3;2;8;Potential
2459.0;55;1;53.24;Lea;Kukk;;5;1;1;7;Potential
2460.0;61;3;530.46;Liina;Kukk;liina.kukk@hot.ee;4;3;2;9;Potential
2461.0;311;3;1217.47;Kristiina;Liiv;;2;3;4;9;Potential
2462.0;501;3;642.23;Maris;Kask;maris.kask@mail.ee;1;3;3;7;Potential
2463.0;205;5;1580.6100000000001;Sigrid;Hurt;sigrid.hurt@telia.ee;2;5;5;12;Loyal
2464.0;59;3;626.3;Madis;Sepp;madis.sepp@hot.ee;5;3;2;10;Loyal
2466.0;329;1;104.08;Ants;Hurt;ants.hurt@yahoo.com;1;1;1;3;Lost
2468.0;160;1;53.01;Tiit;Pihl;;3;1;1;5;At risk
2469.0;183;6;2130.7400000000002;Anu;Kukk;anu.kukk@telia.ee;3;5;5;13;VIP Champions
2471.0;150;2;806.5;Laura;Kallas;laura.kallas@outlook.com;3;2;3;8;Potential
2472.0;67;3;650.55;Heino;Pihl;heino.pihl@telia.ee;4;3;3;10;Loyal
2474.0;70;3;485.98;Ants;Talvik;ants.talvik@hot.ee;4;3;2;9;Potential
2475.0;237;4;1341.42;Siim;Järv;siim.jarv@mail.ee;2;4;4;10;Loyal
2476.0;475;1;62.56;Lea;Rand;;1;1;1;3;Lost
2477.0;199;1;654.14;Ülle;Org;ulle.org@yahoo.com;3;1;3;7;Potential
2479.0;184;4;489.48;Laura;Ilves;laura.ilves@gmail.com;3;4;2;9;Potential
2481.0;218;4;1256.58;Annika;Mets;;2;4;4;10;Loyal
2482.0;155;2;541.07;Rein;Järv;;3;2;2;7;Potential
2483.0;184;2;553.04;Kadri;Mitt;kadri.mitt@yahoo.com;3;2;2;7;Potential
2484.0;128;4;1662.94;Kersti;Liiv;kersti.liiv@gmail.com;3;4;5;12;Loyal
2485.0;74;5;955.93;Erkki;Roots;erkki.roots@gmail.com;4;5;3;12;Loyal
2486.0;8;6;1594.74;Sirje;Kukk;sirje.kukk@mail.ee;5;5;5;15;VIP Champions
2487.0;15;5;1205.61;Rein;Must;rein.must@yahoo.com;5;5;4;14;VIP Champions
2488.0;185;1;723.39;Rasmus;Teder;rasmus.teder@mail.ee;3;1;3;7;Potential
2489.0;219;2;222.07;Liis;Salu;liis.salu@mail.ee;2;2;1;5;At risk
2490.0;146;3;1880.98;Arvo;Pärn;arvo.parn@yahoo.com;3;3;5;11;Loyal
2491.0;130;3;511.55;Elis;Toom;elis.toom@yahoo.com;3;3;2;8;Potential
2492.0;151;2;632.6700000000001;Reet;Männik;reet.mannik@hot.ee;3;2;3;8;Potential
2493.0;387;2;720.3;Kaido;Hurt;;1;2;3;6;At risk
2494.0;132;5;1107.18;Ragnar;Talvik;ragnar.talvik@gmail.com;3;5;4;12;Loyal
2495.0;6;25;5684.81;Urmas;Kask;urmas.kask@telia.ee;5;5;5;15;VIP Champions
2496.0;528;1;269.85;Ene;Veski;ene.veski@mail.ee;1;1;1;3;Lost
2497.0;238;1;124.35;Kevin;Tamm;kevin.tamm@outlook.com;2;1;1;4;At risk
2498.0;319;3;1587.8999999999999;Tõnu;Roots;tonu.roots@telia.ee;2;3;5;10;Loyal
2500.0;199;5;2226.05;Merle;Lepp;merle.lepp@hot.ee;3;5;5;13;VIP Champions
2501.0;14;1;581.1;Siim;Lõoke;siim.looke@yahoo.com;5;1;2;8;Potential
2503.0;486;4;2000.92;Aivar;Pihl;aivar.pihl@mail.ee;1;4;5;10;Loyal
2504.0;440;5;796.61;Madis;Lass;madis.lass@yahoo.com;1;5;3;9;Potential
2505.0;63;1;29.48;Reet;Rosin;reet.rosin@telia.ee;4;1;1;6;At risk
2506.0;163;1;134.58;Margus;Toom;margus.toom@yahoo.com;3;1;1;5;At risk
2509.0;67;3;1179.84;Marit;Koppel;marit.koppel@telia.ee;4;3;4;11;Loyal
2510.0;192;4;308.45;Anna;Kõiv;anna.koiv@hot.ee;3;4;1;8;Potential
2511.0;157;4;801.99;Merike;Sild;;3;4;3;10;Loyal
2513.0;64;6;1513.26;Henri;Arro;henri.arro@gmail.com;4;5;5;14;VIP Champions
2514.0;9;3;1122.08;Jüri;Nõmm;;5;3;4;12;Loyal
2515.0;68;3;899.3299999999999;Anu;Tamm;anu.tamm@yahoo.com;4;3;3;10;Loyal
2516.0;207;1;254.76;Henri;Kuusik;henri.kuusik@hot.ee;2;1;1;4;At risk
2517.0;37;2;164.07;Jüri;Lepik;;5;2;1;8;Potential
2518.0;621;3;297.8;Olev;Lill;olev.lill@telia.ee;1;3;1;5;At risk
2519.0;102;4;1300.29;Toomas;Kull;toomas.kull@mail.ee;4;4;4;12;Loyal
2520.0;457;1;81.48;Merle;Koppel;merle.koppel@yahoo.com;1;1;1;3;Lost
2521.0;55;2;316.69;Kristi;Kull;kristi.kull@telia.ee;5;2;1;8;Potential
2522.0;31;3;1264.56;Hille;Saar;hille.saar@outlook.com;5;3;4;12;Loyal
2523.0;87;1;234.1;Katrin;Rebane;katrin.rebane@gmail.com;4;1;1;6;At risk
2524.0;267;4;868.85;Sigrid;Järv;sigrid.jarv@telia.ee;2;4;3;9;Potential
2526.0;223;2;857.97;Rein;Valk;rein.valk@yahoo.com;2;2;3;7;Potential
2528.0;317;1;136.3;Kalev;Pärn;kalev.parn@hot.ee;2;1;1;4;At risk
2529.0;161;3;996.3699999999999;Kaido;Roots;kaido.roots@outlook.com;3;3;4;10;Loyal
2530.0;124;5;1473.03;Pille;Must;pille.must@mail.ee;3;5;5;13;VIP Champions
2533.0;408;4;923.7900000000001;Aili;Orav;aili.orav@gmail.com;1;4;3;8;Potential
2534.0;265;4;850.0;Sander;Sild;sander.sild@outlook.com;2;4;3;9;Potential
2535.0;95;5;741.12;Eha;Hurt;eha.hurt@hot.ee;4;5;3;12;Loyal
2536.0;89;4;1202.21;Aivar;Lõoke;aivar.looke@telia.ee;4;4;4;12;Loyal
2537.0;246;2;683.55;Grete;Oja;grete.oja@gmail.com;2;2;3;7;Potential
2538.0;8;4;1888.48;Heli;Kangur;heli.kangur@gmail.com;5;4;5;14;VIP Champions
2539.0;76;3;1034.97;Arvo;Pihl;arvo.pihl@outlook.com;4;3;4;11;Loyal
2540.0;430;1;347.84;Triin;Must;triin.must@outlook.com;1;1;2;4;At risk
2542.0;189;3;1523.18;Riina;Paju;riina.paju@yahoo.com;3;3;5;11;Loyal
2543.0;438;2;458.26000000000005;Tõnu;Nõmm;;1;2;2;5;At risk
2544.0;9;2;635.51;Kersti;Mets;kersti.mets@hot.ee;5;2;3;10;Loyal
2545.0;35;2;670.14;Triin;Talvik;triin.talvik@hot.ee;5;2;3;10;Loyal
2546.0;584;4;1717.25;Sander;Põld;sander.pold@mail.ee;1;4;5;10;Loyal
2547.0;635;2;471.65000000000003;Väino;Kuusik;vaino.kuusik2@hot.ee;1;2;2;5;At risk
2548.0;299;4;722.23;Kalev;Must;;2;4;3;9;Potential
2549.0;121;6;1295.54;Tarmo;Kukk;tarmo.kukk@outlook.com;4;5;4;13;VIP Champions
2551.0;65;4;1034.58;Ülle;Pihl;ulle.pihl@telia.ee;4;4;4;12;Loyal
2552.0;267;4;1359.9499999999998;Tarmo;Nõmm;tarmo.nomm@gmail.com;2;4;4;10;Loyal
2553.0;211;2;1323.46;Maris;Org;maris.org@gmail.com;2;2;4;8;Potential
2554.0;265;3;683.99;Kristiina;Puusepp;kristiina.puusepp@mail.ee;2;3;3;8;Potential
2555.0;231;4;1801.08;Olev;Lõoke;olev.looke@mail.ee;2;4;5;11;Loyal
2556.0;109;4;861.49;Nele;Aas;nele.aas@mail.ee;4;4;3;11;Loyal
2557.0;195;2;273.21999999999997;Siim;Arro;siim.arro@hot.ee;3;2;1;6;At risk
2558.0;175;11;2733.29;Hille;Mets;hille.mets@gmail.com;3;5;5;13;VIP Champions
2559.0;118;3;465.48;Marit;Ilves;marit.ilves@yahoo.com;4;3;2;9;Potential
2561.0;104;5;794.34;Annika;Roots;annika.roots@gmail.com;4;5;3;12;Loyal
2563.0;76;4;772.9200000000001;Kevin;Lill;;4;4;3;11;Loyal
2564.0;32;6;994.52;Peeter;Nurk;peeter.nurk@yahoo.com;5;5;4;14;VIP Champions
2565.0;30;1;35.94;Aivar;Puusepp;aivar.puusepp@gmail.com;5;1;1;7;Potential
2566.0;70;3;337.40999999999997;Pille;Rosin;pille.rosin@hot.ee;4;3;1;8;Potential
2567.0;132;3;1072.28;Mart;Lepp;mart.lepp@mail.ee;3;3;4;10;Loyal
2569.0;245;1;331.59;Külli;Põld;kulli.pold@hot.ee;2;1;1;4;At risk
2570.0;88;2;625.5;Maie;Veski;maie.veski@hot.ee;4;2;2;8;Potential
2572.0;56;4;1380.03;Tarmo;Lepp;tarmo.lepp@yahoo.com;5;4;4;13;VIP Champions
2574.0;414;3;1315.6399999999999;Aivar;Nurk;aivar.nurk@outlook.com;1;3;4;8;Potential
2575.0;164;2;996.84;Mihkel;Lõhmus;mihkel.lohmus@gmail.com;3;2;4;9;Potential
2576.0;199;1;301.97;Meelis;Org;meelis.org@yahoo.com;3;1;1;5;At risk
2577.0;67;5;1307.73;Heino;Laas;heino.laas@telia.ee;4;5;4;13;VIP Champions
2578.0;304;3;1054.88;Ene;Vaher;ene.vaher@mail.ee;2;3;4;9;Potential
2579.0;191;3;1197.24;Taavi;Pihl;taavi.pihl@yahoo.com;3;3;4;10;Loyal
2580.0;67;4;706.78;Laura;Mitt;laura.mitt@outlook.com;4;4;3;11;Loyal
2581.0;166;2;504.93;Merike;Must;;3;2;2;7;Potential
2583.0;120;1;562.38;Madis;Rosin;madis.rosin@outlook.com;4;1;2;7;Potential
2585.0;423;3;649.45;Sirje;Must;sirje.must@telia.ee;1;3;3;7;Potential
2586.0;77;2;283.45000000000005;Jüri;Mitt;juri.mitt@yahoo.com;4;2;1;7;Potential
2588.0;144;3;871.94;Hille;Paju;;3;3;3;9;Potential
2589.0;149;2;803.56;Annika;Vaher;annika.vaher@gmail.com;3;2;3;8;Potential
2590.0;219;1;564.58;Arvo;Ilves;arvo.ilves@mail.ee;2;1;2;5;At risk
2591.0;196;2;385.15999999999997;Tõnu;Kaalep;tonu.kaalep@gmail.com;3;2;2;7;Potential
2592.0;92;3;998.67;Anu;Liiv;;4;3;4;11;Loyal
2593.0;247;2;1220.1799999999998;Kati;Kask;kati.kask@telia.ee;2;2;4;8;Potential
2594.0;335;1;184.15;Annika;Männik;annika.mannik@gmail.com;1;1;1;3;Lost
2596.0;489;3;690.89;Eha;Lepik;eha.lepik@gmail.com;1;3;3;7;Potential
2597.0;10;5;774.86;Erkki;Pihl;erkki.pihl@mail.ee;5;5;3;13;VIP Champions
2598.0;170;3;853.62;Aili;Nõmm;aili.nomm@gmail.com;3;3;3;9;Potential
2599.0;738;1;583.44;Enn;Kuusk;enn.kuusk@mail.ee;1;1;2;4;At risk
2600.0;304;1;221.89;Triin;Puusepp;triin.puusepp@telia.ee;2;1;1;4;At risk
2601.0;445;1;282.95;Henri;Rosin;;1;1;1;3;Lost
2602.0;353;1;351.33;Tõnu;Tammik;tonu.tammik@gmail.com;1;1;2;4;At risk
2603.0;41;4;1133.42;Ants;Talvik;ants.talvik@gmail.com;5;4;4;13;VIP Champions
2608.0;583;2;920.6899999999999;Siim;Lass;siim.lass@gmail.com;1;2;3;6;At risk
2609.0;178;7;1494.74;Taavi;Pihl;taavi.pihl@mail.ee;3;5;5;13;VIP Champions
2610.0;594;2;470.85;Tarmo;Mets;tarmo.mets@outlook.com;1;2;2;5;At risk
2611.0;15;4;1048.93;Mihkel;Sepp;;5;4;4;13;VIP Champions
2612.0;51;4;390.59000000000003;Marko;Rand;marko.rand@telia.ee;5;4;2;11;Loyal
2613.0;485;4;1198.8000000000002;Külli;Rand;kulli.rand@telia.ee;1;4;4;9;Potential
2614.0;531;2;332.77000000000004;Aili;Lass;aili.lass@outlook.com;1;2;1;4;At risk
2615.0;160;2;744.8;Maie;Tammik;maie.tammik@outlook.com;3;2;3;8;Potential
2616.0;231;3;1493.9600000000003;Anu;Kuusik;anu.kuusik@hot.ee;2;3;5;10;Loyal
2617.0;77;4;1554.0300000000002;Rasmus;Valk;rasmus.valk@mail.ee;4;4;5;13;VIP Champions
2618.0;170;6;1351.18;Jaak;Liiv;jaak.liiv@hot.ee;3;5;4;12;Loyal
2619.0;69;6;2185.9;Andres;Mägi;;4;5;5;14;VIP Champions
2620.0;177;4;1303.41;Tõnu;Valk;tonu.valk@outlook.com;3;4;4;11;Loyal
2622.0;347;4;937.55;Annika;Kuusk;annika.kuusk@mail.ee;1;4;3;8;Potential
2623.0;509;1;253.8;Rasmus;Kask;rasmus.kask@yahoo.com;1;1;1;3;Lost
2624.0;157;1;155.2;Pille;Põld;pille.pold@telia.ee;3;1;1;5;At risk
2625.0;545;1;67.75;Henri;Oja;henri.oja@mail.ee;1;1;1;3;Lost
2626.0;282;2;797.3800000000001;Margus;Kõiv;margus.koiv@outlook.com;2;2;3;7;Potential
2627.0;186;6;1345.75;Peeter;Salu;peeter.salu@yahoo.com;3;5;4;12;Loyal
2628.0;311;2;416.48;Piret;Nõmm;piret.nomm@mail.ee;2;2;2;6;At risk
2629.0;202;6;3990.98;Sandra;Paas;sandra.paas@mail.ee;3;5;5;13;VIP Champions
2630.0;282;2;406.52000000000004;Merle;Valk;merle.valk@gmail.com;2;2;2;6;At risk
2631.0;189;6;1793.45;Tõnu;Kivi;tonu.kivi@outlook.com;3;5;5;13;VIP Champions
2632.0;91;6;1805.58;Tiina;Mägi;tiina.magi@gmail.com;4;5;5;14;VIP Champions
2633.0;62;1;123.64;Triin;Liiv;triin.liiv@gmail.com;4;1;1;6;At risk
2634.0;201;2;625.5;Meelis;Org;meelis.org@telia.ee;3;2;2;7;Potential
2635.0;107;3;792.44;Hille;Tamm;hille.tamm@outlook.com;4;3;3;10;Loyal
2636.0;298;5;1675.4499999999998;Lauri;Sepp;lauri.sepp@yahoo.com;2;5;5;12;Loyal
2638.0;69;6;740.53;Kristjan;Raid;kristjan.raid@telia.ee;4;5;3;12;Loyal
2639.0;30;4;1062.87;Rain;Lepp;rain.lepp@hot.ee;5;4;4;13;VIP Champions
2640.0;320;2;368.75;Kevin;Koppel;kevin.koppel@outlook.com;2;2;2;6;At risk
2641.0;594;4;836.8199999999999;Marit;Järv;marit.jarv@outlook.com;1;4;3;8;Potential
2642.0;339;4;1441.35;Ragnar;Laas;ragnar.laas@gmail.com;1;4;5;10;Loyal
2643.0;191;2;280.09;Margus;Lill;margus.lill@outlook.com;3;2;1;6;At risk
2644.0;594;2;636.4699999999999;Tarmo;Hurt;tarmo.hurt@yahoo.com;1;2;3;6;At risk
2645.0;95;4;1007.98;Nele;Laas;nele.laas@hot.ee;4;4;4;12;Loyal
2646.0;119;1;828.6;Urmas;Pihl;;4;1;3;8;Potential
2649.0;393;1;172.28;Anu;Värk;anu.vark@mail.ee;1;1;1;3;Lost
2650.0;213;1;147.8;Madis;Liiv;madis.liiv@gmail.com;2;1;1;4;At risk
2652.0;161;6;2920.5299999999997;Heino;Mitt;heino.mitt@hot.ee;3;5;5;13;VIP Champions
2653.0;64;5;1821.35;Elis;Kukk;elis.kukk@telia.ee;4;5;5;14;VIP Champions
2654.0;101;2;306.39;Rasmus;Luik;rasmus.luik@outlook.com;4;2;1;7;Potential
2657.0;56;5;512.59;Hille;Rosin;;5;5;2;12;Loyal
2658.0;550;1;48.85;Enn;Salu;enn.salu@hot.ee;1;1;1;3;Lost
2659.0;287;4;1387.4099999999999;Laura;Kõiv;laura.koiv@telia.ee;2;4;4;10;Loyal
2660.0;61;4;1074.93;Aivar;Pihl;aivar.pihl@outlook.com;4;4;4;12;Loyal
2661.0;67;1;107.67;Väino;Raid;vaino.raid@mail.ee;4;1;1;6;At risk
2662.0;121;2;555.01;Maris;Luik;;4;2;2;8;Potential
2663.0;236;1;371.05;Kristiina;Roots;;2;1;2;5;At risk
2664.0;176;2;503.48;Aili;Lill;aili.lill@gmail.com;3;2;2;7;Potential
2665.0;476;1;41.79;Maris;Kallas;maris.kallas@hot.ee;1;1;1;3;Lost
2666.0;424;2;2123.64;Taavi;Tammik;taavi.tammik@hot.ee;1;2;5;8;Potential
2667.0;580;1;388.92;Külli;Lõhmus;kulli.lohmus@yahoo.com;1;1;2;4;At risk
2668.0;606;3;734.03;Rasmus;Männik;rasmus.mannik@gmail.com;1;3;3;7;Potential
2670.0;364;1;158.94;Jaak;Vaher;jaak.vaher@hot.ee;1;1;1;3;Lost
2671.0;113;4;1214.71;Liina;Mitt;liina.mitt@hot.ee;4;4;4;12;Loyal
2672.0;130;8;2281.66;Margus;Kull;margus.kull@telia.ee;3;5;5;13;VIP Champions
2673.0;186;2;191.68;Laura;Kallas;laura.kallas@telia.ee;3;2;1;6;At risk
2674.0;8;3;1044.1200000000001;Mihkel;Teder;mihkel.teder@telia.ee;5;3;4;12;Loyal
2675.0;117;2;534.09;Karin;Org;karin.org@gmail.com;4;2;2;8;Potential
2676.0;167;4;1040.8;Sander;Roots;sander.roots@hot.ee;3;4;4;11;Loyal
2677.0;783;1;139.74;Ants;Valk;ants.valk@mail.ee;1;1;1;3;Lost
2678.0;136;4;1479.59;Heli;Hurt;;3;4;5;12;Loyal
2681.0;346;2;756.64;Kadri;Mitt;kadri.mitt@gmail.com;1;2;3;6;At risk
2682.0;364;3;382.18;Riina;Rebane;riina.rebane@hot.ee;1;3;2;6;At risk
2683.0;181;3;951.3199999999999;Marit;Lill;marit.lill@outlook.com;3;3;3;9;Potential
2684.0;57;6;3287.9300000000003;Andres;Sild;andres.sild@mail.ee;5;5;5;15;VIP Champions
2685.0;95;1;51.58;Heli;Männik;heli.mannik@telia.ee;4;1;1;6;At risk
2686.0;188;3;861.4;Merike;Männik;merike.mannik@gmail.com;3;3;3;9;Potential
2687.0;46;4;2554.02;Meelis;Mets;meelis.mets@outlook.com;5;4;5;14;VIP Champions
2689.0;380;3;741.8499999999999;Kristjan;Pärn;kristjan.parn@gmail.com;1;3;3;7;Potential
2690.0;334;7;1927.3799999999999;Siim;Toom;;1;5;5;11;Loyal
2691.0;204;3;1016.21;Olev;Valk;olev.valk@gmail.com;3;3;4;10;Loyal
2692.0;52;3;404.83000000000004;Ragnar;Pärn;ragnar.parn@mail.ee;5;3;2;10;Loyal
2693.0;70;3;1674.44;Kadri;Toom;kadri.toom@hot.ee;4;3;5;12;Loyal
2695.0;319;1;154.71;Kadri;Orav;kadri.orav@yahoo.com;2;1;1;4;At risk
2696.0;2;5;2096.5;Meelis;Tammik;meelis.tammik@telia.ee;5;5;5;15;VIP Champions
2697.0;93;2;611.6;Anu;Lepp;anu.lepp@telia.ee;4;2;2;8;Potential
2700.0;130;2;565.53;Rein;Kallas;rein.kallas@outlook.com;3;2;2;7;Potential
2702.0;250;4;679.32;Terje;Kallas;terje.kallas@yahoo.com;2;4;3;9;Potential
2704.0;319;3;1460.31;Peeter;Järv;peeter.jarv@mail.ee;2;3;5;10;Loyal
2705.0;64;4;1871.32;Hille;Kask;hille.kask@mail.ee;4;4;5;13;VIP Champions
2706.0;191;4;1680.1100000000001;Ants;Tamm;ants.tamm@gmail.com;3;4;5;12;Loyal
2707.0;124;4;3477.2799999999997;Külli;Sild;kulli.sild@mail.ee;3;4;5;12;Loyal
2708.0;85;5;1418.79;Marika;Kask;marika.kask@telia.ee;4;5;4;13;VIP Champions
2709.0;158;7;1724.31;Katrin;Org;katrin.org@hot.ee;3;5;5;13;VIP Champions
2710.0;54;1;164.3;Laura;Org;laura.org@mail.ee;5;1;1;7;Potential
2711.0;140;3;667.14;Taavi;Teder;taavi.teder@outlook.com;3;3;3;9;Potential
2712.0;46;7;2902.95;Väino;Rosin;vaino.rosin@outlook.com;5;5;5;15;VIP Champions
2713.0;106;8;2510.45;Kristiina;Raud;kristiina.raud@gmail.com;4;5;5;14;VIP Champions
2714.0;369;3;999.29;Karin;Raud;karin.raud@telia.ee;1;3;4;8;Potential
2715.0;199;1;83.1;Erkki;Veski;;3;1;1;5;At risk
2716.0;60;4;629.1300000000001;Grete;Kallas;grete.kallas@telia.ee;5;4;2;11;Loyal
2717.0;226;4;925.08;Marika;Männik;marika.mannik@yahoo.com;2;4;3;9;Potential
2719.0;17;2;441.27000000000004;Taavi;Vaher;taavi.vaher@outlook.com;5;2;2;9;Potential
2720.0;557;2;241.3;Peeter;Lass;peeter.lass@mail.ee;1;2;1;4;At risk
2721.0;84;5;1676.13;Väino;Mitt;vaino.mitt@hot.ee;4;5;5;14;VIP Champions
2722.0;117;2;351.6;Erkki;Lill;erkki.lill@mail.ee;4;2;2;8;Potential
2723.0;597;2;950.71;Reet;Kuusik;;1;2;3;6;At risk
2724.0;236;2;850.9100000000001;Mart;Lass;mart.lass@mail.ee;2;2;3;7;Potential
2725.0;328;3;577.87;Priit;Kõiv;priit.koiv@hot.ee;1;3;2;6;At risk
2726.0;61;3;462.85;Elis;Laas;elis.laas@gmail.com;4;3;2;9;Potential
2727.0;19;2;608.0;Elis;Pärn;elis.parn@hot.ee;5;2;2;9;Potential
2728.0;418;2;1128.4;Marika;Kaalep;marika.kaalep@hot.ee;1;2;4;7;Potential
2729.0;35;2;915.75;Kristi;Vaher;kristi.vaher@yahoo.com;5;2;3;10;Loyal
2730.0;304;4;952.61;Merle;Puusepp;merle.puusepp@outlook.com;2;4;3;9;Potential
2731.0;362;5;1504.33;Indrek;Mets;indrek.mets@telia.ee;1;5;5;11;Loyal
2732.0;299;4;1288.22;Karin;Valk;;2;4;4;10;Loyal
2733.0;212;4;1288.79;Eha;Järv;;2;4;4;10;Loyal
2734.0;108;3;1040.38;Marika;Orav;marika.orav@mail.ee;4;3;4;11;Loyal
2735.0;69;7;1697.56;Maie;Koppel;maie.koppel@telia.ee;4;5;5;14;VIP Champions
2737.0;221;1;642.84;Piret;Kivi;piret.kivi@mail.ee;2;1;3;6;At risk
2739.0;45;2;727.28;Sigrid;Kõiv;sigrid.koiv@gmail.com;5;2;3;10;Loyal
2740.0;269;2;1496.63;Tiina;Kallas;tiina.kallas@telia.ee;2;2;5;9;Potential
2741.0;52;5;1645.34;Sandra;Lõhmus;sandra.lohmus@telia.ee;5;5;5;15;VIP Champions
2742.0;207;2;1380.0;Henri;Mets;henri.mets@telia.ee;2;2;4;8;Potential
2743.0;110;3;739.39;Ragnar;Luik;ragnar.luik@gmail.com;4;3;3;10;Loyal
2744.0;355;5;2480.73;Piret;Kull;piret.kull@telia.ee;1;5;5;11;Loyal
2745.0;153;6;1455.31;Ene;Liiv;ene.liiv@mail.ee;3;5;5;13;VIP Champions
2746.0;399;3;1514.81;Toomas;Org;toomas.org@yahoo.com;1;3;5;9;Potential
2747.0;317;1;51.5;Piret;Kuusik;piret.kuusik@gmail.com;2;1;1;4;At risk
2748.0;368;3;443.95000000000005;Enn;Mägi;enn.magi@hot.ee;1;3;2;6;At risk
2749.0;1;4;1270.6;Urmas;Kukk;urmas.kukk@mail.ee;5;4;4;13;VIP Champions
2750.0;160;5;1281.23;Tõnu;Lõoke;;3;5;4;12;Loyal
2751.0;212;3;701.4;Ants;Kuusk;ants.kuusk@outlook.com;2;3;3;8;Potential
2752.0;255;1;302.86;Merle;Kaalep;merle.kaalep@outlook.com;2;1;1;4;At risk
2754.0;241;1;253.23;Liis;Nurk;liis.nurk@yahoo.com;2;1;1;4;At risk
2755.0;221;5;2241.7;Merike;Nõmm;merike.nomm@yahoo.com;2;5;5;12;Loyal
2756.0;258;2;500.26;Tiit;Värk;;2;2;2;6;At risk
2757.0;434;3;1054.0;Erkki;Mets;erkki.mets@yahoo.com;1;3;4;8;Potential
2758.0;58;7;1175.3899999999999;Kristi;Oja;kristi.oja@gmail.com;5;5;4;14;VIP Champions
2759.0;109;5;1448.96;Erkki;Saar;erkki.saar@gmail.com;4;5;5;14;VIP Champions
2760.0;274;2;499.88;Ene;Pärn;ene.parn@outlook.com;2;2;2;6;At risk
2761.0;184;4;1249.75;Külli;Org;kulli.org@telia.ee;3;4;4;11;Loyal
2762.0;269;3;366.59000000000003;Liina;Kõiv;liina.koiv@gmail.com;2;3;2;7;Potential
2763.0;455;1;552.4;Margus;Lõoke;margus.looke@telia.ee;1;1;2;4;At risk
2764.0;71;4;1004.08;Maris;Männik;;4;4;4;12;Loyal
2765.0;7;6;1349.9099999999999;Kersti;Veski;kersti.veski@gmail.com;5;5;4;14;VIP Champions
2766.0;76;8;1558.16;Tarmo;Luik;tarmo.luik@yahoo.com;4;5;5;14;VIP Champions
2767.0;389;3;409.75;Kaido;Mitt;kaido.mitt@mail.ee;1;3;2;6;At risk
2768.0;133;3;331.66;Aivar;Toom;aivar.toom@mail.ee;3;3;1;7;Potential
2770.0;78;5;2662.2;Toomas;Lõhmus;toomas.lohmus@telia.ee;4;5;5;14;VIP Champions
2771.0;21;6;1437.11;Andres;Sepp;andres.sepp@yahoo.com;5;5;5;15;VIP Champions
2772.0;238;2;281.39;Jüri;Vaher;juri.vaher@gmail.com;2;2;1;5;At risk
2773.0;222;3;1085.73;Enn;Lõhmus;enn.lohmus@yahoo.com;2;3;4;9;Potential
2774.0;433;2;374.43;Külli;Rebane;;1;2;2;5;At risk
2775.0;9;27;7923.54;Ants;Paju;ants.paju@mail.ee;5;5;5;15;VIP Champions
2776.0;342;1;138.13;Triin;Lill;triin.lill@hot.ee;1;1;1;3;Lost
2777.0;310;3;1147.73;Rasmus;Mets;;2;3;4;9;Potential
2778.0;501;2;450.68999999999994;Taavi;Teder;;1;2;2;5;At risk
2779.0;212;3;898.75;Lea;Teder;lea.teder@mail.ee;2;3;3;8;Potential
2780.0;588;2;358.16;Kati;Tamm;kati.tamm@yahoo.com;1;2;2;5;At risk
2781.0;183;4;826.72;Henri;Roots;henri.roots@gmail.com;3;4;3;10;Loyal
2782.0;68;2;324.03;Hille;Mägi;hille.magi@gmail.com;4;2;1;7;Potential
2784.0;272;2;802.1600000000001;Mart;Pihl;;2;2;3;7;Potential
2785.0;65;2;1247.44;Grete;Tamm;grete.tamm@telia.ee;4;2;4;10;Loyal
2787.0;53;3;933.59;Terje;Lõhmus;terje.lohmus@hot.ee;5;3;3;11;Loyal
2788.0;623;2;1103.48;Väino;Arro;vaino.arro@telia.ee;1;2;4;7;Potential
2789.0;74;4;846.67;Henri;Järv;henri.jarv@outlook.com;4;4;3;11;Loyal
2791.0;222;1;593.16;Ene;Saar;ene.saar@telia.ee;2;1;2;5;At risk
2792.0;255;4;1280.26;Merike;Mägi;merike.magi@hot.ee;2;4;4;10;Loyal
2793.0;16;5;1726.59;Hille;Nõmm;hille.nomm@outlook.com;5;5;5;15;VIP Champions
2794.0;603;1;531.05;Ago;Lõoke;;1;1;2;4;At risk
2795.0;71;6;1770.78;Urmas;Valk;urmas.valk@outlook.com;4;5;5;14;VIP Champions
2797.0;230;2;441.73;Siim;Paas;siim.paas@yahoo.com;2;2;2;6;At risk
2799.0;148;5;1125.27;Aili;Sepp;aili.sepp@yahoo.com;3;5;4;12;Loyal
2802.0;380;4;820.46;Kevin;Lõhmus;kevin.lohmus@mail.ee;1;4;3;8;Potential
2803.0;270;5;1315.27;Erkki;Kallas;erkki.kallas@telia.ee;2;5;4;11;Loyal
2804.0;65;3;1813.65;Tõnu;Nurk;tonu.nurk@hot.ee;4;3;5;12;Loyal
2805.0;221;4;1051.13;Annika;Must;annika.must@outlook.com;2;4;4;10;Loyal
2806.0;48;6;1678.4;Kevin;Paas;kevin.paas@outlook.com;5;5;5;15;VIP Champions
2807.0;244;3;1204.87;Meelis;Nurk;meelis.nurk@mail.ee;2;3;4;9;Potential
2808.0;27;6;1398.92;Aili;Lõhmus;aili.lohmus@outlook.com;5;5;4;14;VIP Champions
2809.0;4;4;821.24;Madis;Kull;madis.kull@gmail.com;5;4;3;12;Loyal
2810.0;87;1;191.48;Meelis;Kuusik;meelis.kuusik@yahoo.com;4;1;1;6;At risk
2812.0;106;3;1216.02;Marika;Raid;marika.raid@outlook.com;4;3;4;11;Loyal
2814.0;43;1;47.88;Arvo;Lepp;arvo.lepp@yahoo.com;5;1;1;7;Potential
2816.0;204;1;145.16;Mart;Värk;mart.vark@telia.ee;3;1;1;5;At risk
2817.0;99;2;248.31;Pille;Tamm;pille.tamm@hot.ee;4;2;1;7;Potential
2818.0;357;1;342.66;Terje;Raud;;1;1;1;3;Lost
2819.0;107;4;720.69;Enn;Sild;enn.sild@yahoo.com;4;4;3;11;Loyal
2821.0;90;1;106.69;Liis;Hurt;liis.hurt@outlook.com;4;1;1;6;At risk
2822.0;259;1;614.61;Kadri;Luik;kadri.luik@mail.ee;2;1;2;5;At risk
2823.0;152;7;2402.05;Väino;Kuusk;vaino.kuusk@telia.ee;3;5;5;13;VIP Champions
2824.0;118;2;372.8;Indrek;Sepp;indrek.sepp@gmail.com;4;2;2;8;Potential
2825.0;435;3;443.51;Aili;Raud;aili.raud@mail.ee;1;3;2;6;At risk
2826.0;78;7;2788.1800000000003;Ants;Lõoke;ants.looke@mail.ee;4;5;5;14;VIP Champions
2827.0;27;6;1235.1200000000001;Tõnu;Lepp;tonu.lepp@telia.ee;5;5;4;14;VIP Champions
2828.0;448;2;588.1800000000001;Elis;Liiv;elis.liiv@gmail.com;1;2;2;5;At risk
2829.0;99;1;254.85;Nele;Orav;nele.orav@outlook.com;4;1;1;6;At risk
2831.0;230;3;2045.54;Rain;Oja;rain.oja@hot.ee;2;3;5;10;Loyal
2832.0;51;2;2625.52;Merike;Laas;merike.laas@yahoo.com;5;2;5;12;Loyal
2833.0;98;3;522.51;Kadri;Tammik;kadri.tammik@gmail.com;4;3;2;9;Potential
2834.0;327;1;594.87;Riina;Järv;riina.jarv@telia.ee;2;1;2;5;At risk
2835.0;322;4;1057.8999999999999;Ene;Lepp;ene.lepp@hot.ee;2;4;4;10;Loyal
2836.0;65;6;1070.03;Liis;Liiv;liis.liiv@yahoo.com;4;5;4;13;VIP Champions
2837.0;43;1;104.85;Laura;Pihl;laura.pihl@yahoo.com;5;1;1;7;Potential
2839.0;247;3;1338.96;Rasmus;Kallas;rasmus.kallas@yahoo.com;2;3;4;9;Potential
2841.0;144;5;1074.1;Sirje;Lepik;sirje.lepik@telia.ee;3;5;4;12;Loyal
2842.0;51;3;754.9;Kristjan;Mets;kristjan.mets@mail.ee;5;3;3;11;Loyal
2843.0;287;2;973.3499999999999;Kati;Kaalep;;2;2;4;8;Potential
2844.0;302;4;2211.84;Anna;Mets;anna.mets@gmail.com;2;4;5;11;Loyal
2845.0;24;2;1033.6200000000001;Kevin;Lass;;5;2;4;11;Loyal
2846.0;124;3;1211.7;Ants;Org;ants.org@outlook.com;3;3;4;10;Loyal
2847.0;126;1;176.65;Margus;Vaher;margus.vaher@mail.ee;3;1;1;5;At risk
2848.0;167;3;975.5899999999999;Kaido;Teder;kaido.teder@telia.ee;3;3;4;10;Loyal
2849.0;93;7;2748.1;Kersti;Põld;;4;5;5;14;VIP Champions
2850.0;76;4;1471.6599999999999;Madis;Hurt;madis.hurt@telia.ee;4;4;5;13;VIP Champions
2851.0;311;2;168.08;Ene;Kull;ene.kull@gmail.com;2;2;1;5;At risk
2852.0;78;4;926.1;Marko;Paju;marko.paju@gmail.com;4;4;3;11;Loyal
2853.0;29;1;654.14;Taavi;Pihl;taavi.pihl2@yahoo.com;5;1;3;9;Potential
2854.0;253;4;1084.91;Olev;Saar;olev.saar@gmail.com;2;4;4;10;Loyal
2855.0;396;3;759.37;Merle;Järv;merle.jarv@outlook.com;1;3;3;7;Potential
2856.0;120;1;182.77;Kristjan;Liiv;kristjan.liiv@telia.ee;4;1;1;6;At risk
2859.0;209;1;184.07;Maie;Saar;maie.saar@gmail.com;2;1;1;4;At risk
2860.0;155;4;695.9200000000001;Margus;Kukk;;3;4;3;10;Loyal
2861.0;17;1;104.27;Raivo;Koppel;raivo.koppel@gmail.com;5;1;1;7;Potential
2862.0;92;2;1103.13;Jüri;Lõhmus;;4;2;4;10;Loyal
2863.0;61;7;2557.4300000000003;Maris;Paas;maris.paas@telia.ee;4;5;5;14;VIP Champions
2864.0;394;2;629.84;Kristiina;Toom;kristiina.toom@telia.ee;1;2;2;5;At risk
2865.0;91;4;984.33;Arvo;Järv;arvo.jarv@hot.ee;4;4;4;12;Loyal
2867.0;242;3;765.1899999999999;Mihkel;Kallas;;2;3;3;8;Potential
2869.0;215;4;1547.46;Maris;Kaalep;maris.kaalep@hot.ee;2;4;5;11;Loyal
2870.0;165;2;870.82;Kevin;Tammik;kevin.tammik@outlook.com;3;2;3;8;Potential
2871.0;137;5;887.86;Külli;Mitt;;3;5;3;11;Loyal
2872.0;64;4;1225.8;Kadri;Vaher;kadri.vaher@mail.ee;4;4;4;12;Loyal
2874.0;235;5;4091.6;Annika;Valk;annika.valk@yahoo.com;2;5;5;12;Loyal
2875.0;150;2;774.34;Kadri;Tammik;kadri.tammik2@gmail.com;3;2;3;8;Potential
2876.0;321;2;738.96;Sandra;Veski;sandra.veski@mail.ee;2;2;3;7;Potential
2878.0;89;2;286.20000000000005;Ago;Oja;ago.oja@outlook.com;4;2;1;7;Potential
2879.0;34;1;756.3;Madis;Kask;madis.kask@outlook.com;5;1;3;9;Potential
2880.0;172;2;714.62;Madis;Pärn;madis.parn@yahoo.com;3;2;3;8;Potential
2881.0;155;3;579.91;Maie;Veski;maie.veski@telia.ee;3;3;2;8;Potential
2882.0;61;4;1615.41;Piret;Lass;piret.lass@yahoo.com;4;4;5;13;VIP Champions
2883.0;216;1;486.04;Toomas;Mets;toomas.mets@gmail.com;2;1;2;5;At risk
2884.0;200;3;491.92;Marko;Raud;;3;3;2;8;Potential
2885.0;200;4;1360.6200000000001;Kaido;Arro;kaido.arro@mail.ee;3;4;4;11;Loyal
2886.0;85;2;196.47;Arvo;Vaher;arvo.vaher@telia.ee;4;2;1;7;Potential
2887.0;203;2;517.66;Jaak;Rosin;jaak.rosin@mail.ee;3;2;2;7;Potential
2888.0;168;3;260.47;Liina;Kangur;liina.kangur@yahoo.com;3;3;1;7;Potential
2889.0;3;70;23892.45;Laura;Tammik;laura.tammik@yahoo.com;5;5;5;15;VIP Champions
2890.0;137;2;382.02000000000004;Kristiina;Veski;kristiina.veski@mail.ee;3;2;2;7;Potential
2891.0;328;4;539.24;Taavi;Oja;taavi.oja@telia.ee;1;4;2;7;Potential
2892.0;184;2;238.35000000000002;Marit;Värk;marit.vark@gmail.com;3;2;1;6;At risk
2893.0;186;3;1168.29;Madis;Lass;madis.lass2@telia.ee;3;3;4;10;Loyal
2894.0;521;1;1106.01;Ragnar;Orav;ragnar.orav@yahoo.com;1;1;4;6;At risk
2895.0;321;2;392.32000000000005;Pille;Lõoke;pille.looke@outlook.com;2;2;2;6;At risk
2897.0;55;1;42.64;Sigrid;Arro;sigrid.arro@gmail.com;5;1;1;7;Potential
2898.0;292;2;852.45;Jaak;Talvik;jaak.talvik@gmail.com;2;2;3;7;Potential
2899.0;7;5;1618.1000000000001;Terje;Pihl;;5;5;5;15;VIP Champions
2900.0;21;1;261.46;Liis;Sepp;;5;1;1;7;Potential
2901.0;260;6;1191.3799999999999;Meelis;Laas;;2;5;4;11;Loyal
2902.0;152;1;605.72;Hille;Kallas;hille.kallas@mail.ee;3;1;2;6;At risk
2905.0;199;4;748.68;Sandra;Raud;sandra.raud@outlook.com;3;4;3;10;Loyal
2906.0;6;4;815.77;Ragnar;Lepik;ragnar.lepik@hot.ee;5;4;3;12;Loyal
2907.0;158;1;279.43;Annika;Kõiv;annika.koiv@outlook.com;3;1;1;5;At risk
2908.0;6;2;438.38;Toomas;Paas;toomas.paas@outlook.com;5;2;2;9;Potential
2909.0;20;4;1355.17;Aili;Kuusik;aili.kuusik@telia.ee;5;4;4;13;VIP Champions
2910.0;124;4;1179.22;Tarmo;Vaher;tarmo.vaher2@outlook.com;3;4;4;11;Loyal
2911.0;121;5;1680.19;Liina;Lill;liina.lill@gmail.com;4;5;5;14;VIP Champions
2912.0;515;2;484.12;Raivo;Lõoke;raivo.looke@telia.ee;1;2;2;5;At risk
2913.0;37;11;3655.6;Aili;Hurt;aili.hurt@yahoo.com;5;5;5;15;VIP Champions
2914.0;17;3;1141.25;Rein;Luik;;5;3;4;12;Loyal
2915.0;126;3;1001.56;Tõnu;Saar;tonu.saar2@mail.ee;3;3;4;10;Loyal
2916.0;707;1;221.42;Marika;Aas;marika.aas@mail.ee;1;1;1;3;Lost
2917.0;18;4;1507.59;Ago;Kukk;ago.kukk@hot.ee;5;4;5;14;VIP Champions
2920.0;216;1;130.02;Merle;Lepik;merle.lepik@hot.ee;2;1;1;4;At risk
2922.0;363;1;884.76;Reet;Laas;reet.laas2@gmail.com;1;1;3;5;At risk
2924.0;249;4;1070.68;Margus;Veski;margus.veski@hot.ee;2;4;4;10;Loyal
2926.0;222;3;530.4000000000001;Maie;Lõhmus;maie.lohmus@outlook.com;2;3;2;7;Potential
2927.0;184;3;478.03;Rasmus;Männik;rasmus.mannik2@gmail.com;3;3;2;8;Potential
2928.0;223;3;1074.57;Jüri;Vaher;juri.vaher@yahoo.com;2;3;4;9;Potential
2929.0;21;3;324.40000000000003;Kadri;Pihl;kadri.pihl@gmail.com;5;3;1;9;Potential
2930.0;548;2;403.77;Priit;Kull;priit.kull@gmail.com;1;2;2;5;At risk
2931.0;100;5;1432.55;Meelis;Kask;meelis.kask@mail.ee;4;5;5;14;VIP Champions
2932.0;72;4;1613.45;Karin;Kaalep;;4;4;5;13;VIP Champions
2933.0;45;4;331.07;Indrek;Lepik;indrek.lepik@outlook.com;5;4;1;10;Loyal
2935.0;191;1;665.1;Margus;Vaher;margus.vaher2@mail.ee;3;1;3;7;Potential
2936.0;249;1;560.31;Aili;Teder;aili.teder@hot.ee;2;1;2;5;At risk
2937.0;509;3;1045.73;Kersti;Puusepp;kersti.puusepp@gmail.com;1;3;4;8;Potential
2938.0;304;4;887.6;Liina;Kukk;liina.kukk@gmail.com;2;4;3;9;Potential
2939.0;150;2;985.14;Anna;Rosin;anna.rosin@mail.ee;3;2;4;9;Potential
2940.0;101;2;205.14;Rain;Rebane;rain.rebane@hot.ee;4;2;1;7;Potential
2941.0;124;7;1834.43;Hille;Lepik;hille.lepik@mail.ee;3;5;5;13;VIP Champions
2942.0;174;5;1013.22;Laura;Oja;laura.oja@hot.ee;3;5;4;12;Loyal
2943.0;150;4;782.71;Marit;Tammik;marit.tammik@outlook.com;3;4;3;10;Loyal
2944.0;54;2;989.18;Merle;Kivi;merle.kivi@yahoo.com;5;2;4;11;Loyal
2946.0;16;5;1366.3500000000001;Annika;Toom;;5;5;4;14;VIP Champions
2948.0;304;3;570.93;Priit;Teder;;2;3;2;7;Potential
2949.0;79;7;2421.0499999999997;Sandra;Lõoke;sandra.looke@gmail.com;4;5;5;14;VIP Champions
2950.0;382;1;410.0;Aili;Mets;aili.mets@telia.ee;1;1;2;4;At risk
2951.0;37;4;1474.67;Lea;Mets;;5;4;5;14;VIP Champions
2952.0;161;7;2632.69;Sandra;Sild;sandra.sild@yahoo.com;3;5;5;13;VIP Champions
2954.0;29;4;2431.92;Kersti;Lõoke;;5;4;5;14;VIP Champions
2955.0;35;13;5417.71;Tiina;Laas;tiina.laas@hot.ee;5;5;5;15;VIP Champions
2956.0;5;5;2317.91;Kristi;Kuusik;kristi.kuusik@gmail.com;5;5;5;15;VIP Champions
2957.0;376;3;973.53;Peeter;Raud;peeter.raud@gmail.com;1;3;4;8;Potential
2960.0;266;2;248.67000000000002;Maie;Paju;maie.paju@telia.ee;2;2;1;5;At risk
2961.0;4;6;4419.27;Siim;Männik;siim.mannik@yahoo.com;5;5;5;15;VIP Champions
2962.0;255;1;158.94;Rain;Raid;rain.raid@gmail.com;2;1;1;4;At risk
2963.0;15;5;737.71;Urmas;Kuusk;urmas.kuusk@mail.ee;5;5;3;13;VIP Champions
2964.0;89;1;388.92;Hille;Lill;hille.lill@outlook.com;4;1;2;7;Potential
2966.0;83;3;474.64;Anu;Liiv;anu.liiv@mail.ee;4;3;2;9;Potential
2968.0;219;3;859.1200000000001;Tarmo;Toom;tarmo.toom@telia.ee;2;3;3;8;Potential
2969.0;583;2;1495.79;Liina;Kõiv;liina.koiv@outlook.com;1;2;5;8;Potential
2971.0;230;3;683.38;Tarmo;Kallas;tarmo.kallas@telia.ee;2;3;3;8;Potential
2972.0;433;5;737.1800000000001;Pille;Rand;pille.rand@outlook.com;1;5;3;9;Potential
2973.0;431;4;1096.84;Karin;Paas;karin.paas@telia.ee;1;4;4;9;Potential
2974.0;296;1;272.6;Liis;Järv;;2;1;1;4;At risk
2975.0;380;2;630.5699999999999;Mihkel;Kallas;mihkel.kallas2@outlook.com;1;2;2;5;At risk
2976.0;397;3;1458.65;Arvo;Lepik;arvo.lepik@telia.ee;1;3;5;9;Potential
2977.0;131;4;2348.3599999999997;Rasmus;Rebane;rasmus.rebane@mail.ee;3;4;5;12;Loyal
2978.0;250;5;2306.84;Anu;Sild;anu.sild2@yahoo.com;2;5;5;12;Loyal
2979.0;127;3;929.3100000000001;Kevin;Aas;kevin.aas@gmail.com;3;3;3;9;Potential
2980.0;17;6;1640.12;Tarmo;Kask;tarmo.kask@telia.ee;5;5;5;15;VIP Champions
2981.0;147;2;157.42000000000002;Sandra;Lepik;sandra.lepik@outlook.com;3;2;1;6;At risk
2983.0;620;3;556.95;Liis;Kuusik;liis.kuusik@hot.ee;1;3;2;6;At risk
2984.0;11;5;853.25;Sirje;Sepp;;5;5;3;13;VIP Champions
2986.0;509;2;1030.51;Henri;Pärn;henri.parn@mail.ee;1;2;4;7;Potential
2987.0;11;4;792.25;Ene;Paju;ene.paju@hot.ee;5;4;3;12;Loyal
2988.0;418;1;360.28;Priit;Veski;;1;1;2;4;At risk
2989.0;261;5;2035.4599999999998;Tiit;Järv;;2;5;5;12;Loyal
2990.0;456;2;473.52;Henri;Pärn;henri.parn@hot.ee;1;2;2;5;At risk
2991.0;211;2;1165.86;Ene;Liiv;;2;2;4;8;Potential
2993.0;76;1;329.99;Kevin;Kull;kevin.kull@gmail.com;4;1;1;6;At risk
2994.0;94;2;1026.64;Merle;Salu;merle.salu@gmail.com;4;2;4;10;Loyal
2995.0;75;2;626.36;Mart;Kuusk;mart.kuusk@gmail.com;4;2;2;8;Potential
2996.0;117;4;848.0600000000001;Rain;Nurk;rain.nurk@mail.ee;4;4;3;11;Loyal
2997.0;2;75;23403.83;Kevin;Org;kevin.org@yahoo.com;5;5;5;15;VIP Champions
2999.0;89;3;896.82;Annika;Teder;annika.teder@outlook.com;4;3;3;10;Loyal
3000.0;149;3;748.95;Siim;Sepp;siim.sepp@mail.ee;3;3;3;9;Potential
3001.0;7;4;2657.02;Toomas;Lepp;toomas.lepp@yahoo.com;5;4;5;14;VIP Champions
3002.0;557;1;659.49;Grete;Org;grete.org@yahoo.com;1;1;3;5;At risk
3003.0;87;5;1210.3600000000001;Ants;Paas;ants.paas@telia.ee;4;5;4;13;VIP Champions
3004.0;158;1;583.44;Peeter;Puusepp;peeter.puusepp@gmail.com;3;1;2;6;At risk
3006.0;284;1;331.59;Katrin;Arro;katrin.arro@outlook.com;2;1;1;4;At risk
3007.0;322;1;47.36;Riina;Mägi;riina.magi@hot.ee;2;1;1;4;At risk
3008.0;743;1;1053.99;Lea;Lill;lea.lill@outlook.com;1;1;4;6;At risk
3009.0;205;3;894.12;Katrin;Kull;;2;3;3;8;Potential
3010.0;70;5;1860.23;Sigrid;Tamm;sigrid.tamm@gmail.com;4;5;5;14;VIP Champions
3011.0;209;4;698.89;Ene;Rosin;ene.rosin@hot.ee;2;4;3;9;Potential
3012.0;75;4;901.24;Eha;Kuusk;eha.kuusk@outlook.com;4;4;3;11;Loyal
3014.0;3;3;1449.1399999999999;Reet;Valk;;5;3;5;13;VIP Champions
3015.0;299;3;1298.75;Väino;Pihl;vaino.pihl@yahoo.com;2;3;4;9;Potential
3017.0;319;1;291.72;Triin;Veski;triin.veski@mail.ee;2;1;1;4;At risk
3018.0;288;3;1289.71;Kersti;Kuusk;kersti.kuusk@mail.ee;2;3;4;9;Potential
3019.0;206;4;1756.05;Erkki;Järv;erkki.jarv@gmail.com;2;4;5;11;Loyal
3020.0;18;3;944.1999999999999;Maris;Kuusik;maris.kuusik2@telia.ee;5;3;3;11;Loyal
3021.0;198;1;147.58;Tarmo;Saar;tarmo.saar@outlook.com;3;1;1;5;At risk
3022.0;242;2;951.1500000000001;Jaak;Ilves;jaak.ilves@telia.ee;2;2;3;7;Potential
3023.0;322;3;729.79;Pille;Aas;pille.aas@yahoo.com;2;3;3;8;Potential
3024.0;198;1;1482.9;Rein;Tammik;rein.tammik@mail.ee;3;1;5;9;Potential
3025.0;18;5;1696.74;Aili;Paas;aili.paas@mail.ee;5;5;5;15;VIP Champions
3026.0;184;4;972.7500000000001;Kersti;Kaalep;kersti.kaalep@outlook.com;3;4;4;11;Loyal
3027.0;84;1;420.72;Sander;Mägi;sander.magi@outlook.com;4;1;2;7;Potential
3028.0;256;2;122.81;Sander;Vaher;sander.vaher@yahoo.com;2;2;1;5;At risk
3030.0;118;2;1153.6499999999999;Pille;Tammik;pille.tammik@gmail.com;4;2;4;10;Loyal
3032.0;722;1;205.89;Urmas;Tammik;urmas.tammik@gmail.com;1;1;1;3;Lost
3033.0;125;5;1177.32;Anna;Järv;anna.jarv@outlook.com;3;5;4;12;Loyal
3034.0;127;5;1779.09;Sigrid;Puusepp;sigrid.puusepp@mail.ee;3;5;5;13;VIP Champions
3035.0;2;6;3185.2;Grete;Tamm;;5;5;5;15;VIP Champions
3036.0;15;3;471.63;Jaak;Veski;;5;3;2;10;Loyal
3038.0;200;4;437.58;Kristi;Must;kristi.must@outlook.com;3;4;2;9;Potential
3039.0;16;1;77.78;Marika;Kask;marika.kask@mail.ee;5;1;1;7;Potential
3041.0;255;7;1750.51;Urmas;Raid;urmas.raid@yahoo.com;2;5;5;12;Loyal
3043.0;68;3;661.73;Hille;Raid;hille.raid@mail.ee;4;3;3;10;Loyal
3044.0;300;5;1564.31;Marit;Pihl;marit.pihl@telia.ee;2;5;5;12;Loyal
3045.0;572;3;667.03;Indrek;Rand;indrek.rand@mail.ee;1;3;3;7;Potential
3046.0;71;6;2380.65;Meelis;Põld;meelis.pold2@hot.ee;4;5;5;14;VIP Champions
3047.0;187;3;1122.68;Meelis;Kuusik;meelis.kuusik@hot.ee;3;3;4;10;Loyal
3048.0;108;6;2558.87;Liina;Org;liina.org@yahoo.com;4;5;5;14;VIP Champions
3049.0;308;2;852.1700000000001;Grete;Salu;grete.salu@telia.ee;2;2;3;7;Potential
3050.0;49;4;975.28;Heli;Hurt;heli.hurt@mail.ee;5;4;4;13;VIP Champions
3051.0;77;1;47.38;Tõnu;Must;tonu.must@hot.ee;4;1;1;6;At risk
3052.0;26;2;366.04999999999995;Piret;Talvik;piret.talvik@outlook.com;5;2;2;9;Potential
3053.0;208;4;749.6800000000001;Terje;Roots;terje.roots@outlook.com;2;4;3;9;Potential
3055.0;37;3;817.76;Margus;Arro;margus.arro@yahoo.com;5;3;3;11;Loyal
3056.0;130;1;536.3;Nele;Orav;nele.orav@hot.ee;3;1;2;6;At risk
3057.0;149;7;2860.92;Priit;Lõoke;priit.looke@mail.ee;3;5;5;13;VIP Champions
3058.0;340;3;1758.18;Triin;Kaalep;;1;3;5;9;Potential
3059.0;5;1;51.58;Jaak;Tammik;jaak.tammik@mail.ee;5;1;1;7;Potential
3061.0;29;2;369.31000000000006;Ülle;Paju;ulle.paju@hot.ee;5;2;2;9;Potential
3062.0;123;5;1181.5900000000001;Ragnar;Kuusik;ragnar.kuusik@gmail.com;3;5;4;12;Loyal
3063.0;64;3;896.46;Ants;Salu;ants.salu@gmail.com;4;3;3;10;Loyal
3064.0;59;3;411.44;Urmas;Värk;;5;3;2;10;Loyal
3065.0;67;2;562.43;Andres;Rebane;andres.rebane@mail.ee;4;2;2;8;Potential
3066.0;22;2;1336.1;Tiit;Põld;tiit.pold@hot.ee;5;2;4;11;Loyal
3067.0;120;3;821.5899999999999;Heino;Puusepp;heino.puusepp@hot.ee;4;3;3;10;Loyal
3068.0;104;4;718.13;Jüri;Kukk;juri.kukk@mail.ee;4;4;3;11;Loyal
3069.0;32;5;1339.74;Maie;Aas;maie.aas@outlook.com;5;5;4;14;VIP Champions
3070.0;27;4;807.98;Maie;Koppel;maie.koppel@hot.ee;5;4;3;12;Loyal
3071.0;6;3;1443.91;Maris;Toom;;5;3;5;13;VIP Champions
3072.0;359;3;1864.32;Erkki;Lepik;erkki.lepik@mail.ee;1;3;5;9;Potential
3073.0;133;2;508.98;Kristiina;Kuusk;;3;2;2;7;Potential
3074.0;80;4;1813.5700000000002;Piret;Roots;piret.roots@mail.ee;4;4;5;13;VIP Champions
3075.0;11;1;145.16;Triin;Toom;;5;1;1;7;Potential
3076.0;63;5;1837.7999999999997;Jüri;Kuusk;juri.kuusk@mail.ee;4;5;5;14;VIP Champions
3077.0;53;5;1516.87;Kadri;Sild;kadri.sild@outlook.com;5;5;5;15;VIP Champions
3079.0;107;1;200.77;Jüri;Talvik;;4;1;1;6;At risk
3080.0;396;3;799.3499999999999;Marika;Paas;marika.paas@yahoo.com;1;3;3;7;Potential
3081.0;202;6;910.91;Kristiina;Oja;kristiina.oja@hot.ee;3;5;3;11;Loyal
3082.0;226;3;1497.6399999999999;Sander;Kangur;sander.kangur@outlook.com;2;3;5;10;Loyal
3083.0;179;3;728.9;Liis;Männik;liis.mannik@gmail.com;3;3;3;9;Potential
3084.0;215;2;922.02;Margus;Paas;;2;2;3;7;Potential
3085.0;440;5;1178.58;Liina;Tamm;liina.tamm@hot.ee;1;5;4;10;Loyal
3089.0;274;1;160.21;Kersti;Raid;kersti.raid@yahoo.com;2;1;1;4;At risk
3090.0;200;2;332.69;Raivo;Kuusk;raivo.kuusk@telia.ee;3;2;1;6;At risk
3091.0;10;1;209.7;Marika;Kuusik;;5;1;1;7;Potential
3093.0;657;1;153.62;Nele;Kask;nele.kask@outlook.com;1;1;1;3;Lost
3094.0;440;2;844.0799999999999;Reet;Lõhmus;reet.lohmus@hot.ee;1;2;3;6;At risk
3095.0;67;2;534.54;Terje;Nurk;;4;2;2;8;Potential
3096.0;122;5;1557.57;Karin;Rand;karin.rand@outlook.com;3;5;5;13;VIP Champions
3098.0;60;2;889.5600000000001;Ragnar;Tamm;ragnar.tamm@telia.ee;5;2;3;10;Loyal
3099.0;357;4;829.18;Jüri;Kõiv;juri.koiv@telia.ee;1;4;3;8;Potential
3100.0;502;2;364.24;Kaido;Mitt;kaido.mitt@hot.ee;1;2;2;5;At risk
3101.0;69;1;332.54;Jüri;Liiv;juri.liiv@yahoo.com;4;1;1;6;At risk
3103.0;195;7;1606.22;Merle;Põld;merle.pold@mail.ee;3;5;5;13;VIP Champions
3106.0;323;3;680.26;Margus;Veski;margus.veski@outlook.com;2;3;3;8;Potential
3107.0;291;3;1468.1799999999998;Laura;Mets;laura.mets@hot.ee;2;3;5;10;Loyal
3108.0;155;5;878.8199999999999;Piret;Kaalep;piret.kaalep@yahoo.com;3;5;3;11;Loyal
3109.0;181;3;699.16;Ülle;Lass;ulle.lass@yahoo.com;3;3;3;9;Potential
3110.0;305;4;677.78;Aivar;Raud;aivar.raud@gmail.com;2;4;3;9;Potential
3111.0;148;4;1033.76;Aivar;Rosin;aivar.rosin@yahoo.com;3;4;4;11;Loyal
3112.0;89;6;1905.14;Ragnar;Raid;ragnar.raid@outlook.com;4;5;5;14;VIP Champions
3113.0;209;2;664.51;Merle;Saar;merle.saar@yahoo.com;2;2;3;7;Potential
3114.0;399;3;879.0799999999999;Maris;Orav;maris.orav@outlook.com;1;3;3;7;Potential
3115.0;184;2;894.25;Ülle;Org;ulle.org@gmail.com;3;2;3;8;Potential
3116.0;241;1;756.99;Tõnu;Paju;tonu.paju@mail.ee;2;1;3;6;At risk
3118.0;69;6;1947.42;Siim;Toom;siim.toom@hot.ee;4;5;5;14;VIP Champions
3119.0;197;7;2317.38;Kristjan;Ilves;kristjan.ilves@yahoo.com;3;5;5;13;VIP Champions
3120.0;14;1;116.1;Külli;Kallas;kulli.kallas@mail.ee;5;1;1;7;Potential
3121.0;641;1;210.18;Triin;Kuusik;triin.kuusik@yahoo.com;1;1;1;3;Lost
3122.0;316;2;963.02;Rain;Lõhmus;rain.lohmus@yahoo.com;2;2;4;8;Potential
3123.0;192;4;577.3900000000001;Külli;Koppel;kulli.koppel@gmail.com;3;4;2;9;Potential
3125.0;53;6;1053.59;Piret;Saar;piret.saar@gmail.com;5;5;4;14;VIP Champions
3126.0;88;2;381.57;Ülle;Raud;ulle.raud@yahoo.com;4;2;2;8;Potential
3127.0;258;5;1939.28;Piret;Oja;;2;5;5;12;Loyal
3128.0;21;7;1599.6000000000001;Kristjan;Paas;kristjan.paas@outlook.com;5;5;5;15;VIP Champions
3129.0;174;1;101.26;Kalev;Teder;kalev.teder@gmail.com;3;1;1;5;At risk
3130.0;216;5;650.35;Rasmus;Kull;rasmus.kull@hot.ee;2;5;3;10;Loyal
3131.0;68;3;679.95;Maris;Nurk;maris.nurk@yahoo.com;4;3;3;10;Loyal
3132.0;115;4;1126.1599999999999;Kadri;Talvik;;4;4;4;12;Loyal
3133.0;417;6;1212.02;Ragnar;Lill;ragnar.lill@mail.ee;1;5;4;10;Loyal
3134.0;95;4;696.94;Sandra;Kukk;sandra.kukk@telia.ee;4;4;3;11;Loyal
3135.0;395;2;426.44;Raivo;Org;raivo.org@yahoo.com;1;2;2;5;At risk
3136.0;345;5;1938.3200000000002;Meelis;Lass;meelis.lass@gmail.com;1;5;5;11;Loyal
3137.0;90;2;888.49;Aivar;Järv;aivar.jarv@gmail.com;4;2;3;9;Potential
3138.0;144;4;675.25;Meelis;Tamm;;3;4;3;10;Loyal
3139.0;129;1;138.9;Reet;Rebane;reet.rebane@yahoo.com;3;1;1;5;At risk
3140.0;525;2;337.79;Urmas;Männik;urmas.mannik@telia.ee;1;2;1;4;At risk
3142.0;593;1;276.26;Mihkel;Raid;mihkel.raid@telia.ee;1;1;1;3;Lost
3143.0;43;2;184.81;Sirje;Aas;sirje.aas@outlook.com;5;2;1;8;Potential
3144.0;28;2;532.12;Väino;Kallas;vaino.kallas@outlook.com;5;2;2;9;Potential
3145.0;693;1;737.94;Madis;Raid;madis.raid@mail.ee;1;1;3;5;At risk
3146.0;117;5;1485.01;Raivo;Kõiv;raivo.koiv@mail.ee;4;5;5;14;VIP Champions
3147.0;476;2;354.71000000000004;Lea;Mets;;1;2;2;5;At risk
3150.0;52;2;967.83;Aili;Vaher;;5;2;4;11;Loyal
3151.0;6;3;1082.3000000000002;Tiina;Must;tiina.must@hot.ee;5;3;4;12;Loyal
3152.0;436;3;967.29;Toomas;Saar;toomas.saar@telia.ee;1;3;4;8;Potential
3153.0;18;3;698.22;Madis;Männik;madis.mannik@yahoo.com;5;3;3;11;Loyal
3154.0;88;5;994.21;Külli;Kivi;kulli.kivi@yahoo.com;4;5;4;13;VIP Champions
3156.0;164;1;377.82;Taavi;Hurt;taavi.hurt@gmail.com;3;1;2;6;At risk
3158.0;99;2;481.90999999999997;Henri;Veski;henri.veski@gmail.com;4;2;2;8;Potential
3159.0;49;5;578.7;Ene;Tamm;ene.tamm@telia.ee;5;5;2;12;Loyal
3160.0;257;4;1472.5900000000001;Annika;Lepp;annika.lepp@gmail.com;2;4;5;11;Loyal
3161.0;259;2;410.38;Ülle;Koppel;ulle.koppel@hot.ee;2;2;2;6;At risk
3163.0;20;5;1752.62;Maie;Mitt;maie.mitt@telia.ee;5;5;5;15;VIP Champions
3164.0;259;4;1437.18;Kati;Org;kati.org@yahoo.com;2;4;5;11;Loyal
3165.0;93;6;2108.35;Rasmus;Arro;rasmus.arro@outlook.com;4;5;5;14;VIP Champions
3166.0;190;6;2859.4500000000003;Terje;Lill;;3;5;5;13;VIP Champions
3167.0;11;2;297.86;Ago;Kõiv;ago.koiv@gmail.com;5;2;1;8;Potential
3168.0;139;1;70.01;Merike;Lass;merike.lass@yahoo.com;3;1;1;5;At risk
3169.0;80;1;231.13;Katrin;Liiv;;4;1;1;6;At risk
3170.0;483;2;366.60999999999996;Eha;Puusepp;eha.puusepp@mail.ee;1;2;2;5;At risk
3171.0;106;2;571.41;Triin;Valk;triin.valk@gmail.com;4;2;2;8;Potential
3172.0;181;3;908.8499999999999;Karin;Paas;karin.paas@mail.ee;3;3;3;9;Potential
3173.0;199;1;190.86;Erkki;Mets;erkki.mets@gmail.com;3;1;1;5;At risk
3174.0;224;1;138.13;Riina;Lepp;riina.lepp2@outlook.com;2;1;1;4;At risk
3177.0;225;4;1028.18;Rasmus;Kallas;rasmus.kallas@mail.ee;2;4;4;10;Loyal
3178.0;102;2;325.42;Taavi;Värk;taavi.vark@outlook.com;4;2;1;7;Potential
3179.0;219;2;760.46;Aivar;Lill;aivar.lill@mail.ee;2;2;3;7;Potential
3180.0;155;3;368.2;Liis;Lepp;liis.lepp@outlook.com;3;3;2;8;Potential
3182.0;172;4;1167.5400000000002;Marko;Lass;marko.lass@mail.ee;3;4;4;11;Loyal
3183.0;175;3;1119.83;Meelis;Kaalep;meelis.kaalep@yahoo.com;3;3;4;10;Loyal
3184.0;497;2;1490.94;Kati;Sepp;kati.sepp@hot.ee;1;2;5;8;Potential
3185.0;184;5;1557.54;Kati;Rebane;kati.rebane@gmail.com;3;5;5;13;VIP Champions
3186.0;188;2;898.37;Urmas;Värk;urmas.vark2@outlook.com;3;2;3;8;Potential
3187.0;510;1;218.84;Ago;Roots;ago.roots@gmail.com;1;1;1;3;Lost
3189.0;14;2;721.5799999999999;Ago;Kuusk;ago.kuusk@yahoo.com;5;2;3;10;Loyal
3190.0;35;1;402.62;Liina;Sepp;;5;1;2;8;Potential
3192.0;204;3;812.3199999999999;Sigrid;Kuusik;sigrid.kuusik@yahoo.com;3;3;3;9;Potential
3194.0;45;5;1679.42;Kadri;Mets;kadri.mets@mail.ee;5;5;5;15;VIP Champions
3196.0;213;2;324.18;Nele;Lass;nele.lass@mail.ee;2;2;1;5;At risk
3197.0;261;7;1776.78;Sander;Lill;sander.lill@outlook.com;2;5;5;12;Loyal
3198.0;169;3;722.29;Hille;Järv;hille.jarv@mail.ee;3;3;3;9;Potential
3199.0;40;3;555.75;Indrek;Aas;indrek.aas@yahoo.com;5;3;2;10;Loyal
3200.0;75;4;1511.45;Olev;Pihl;olev.pihl@hot.ee;4;4;5;13;VIP Champions
3201.0;57;6;2257.99;Ago;Kukk;ago.kukk@outlook.com;5;5;5;15;VIP Champions
3202.0;127;1;420.72;Indrek;Värk;indrek.vark@hot.ee;3;1;2;6;At risk
3203.0;349;3;970.74;Raivo;Paju;raivo.paju@telia.ee;1;3;4;8;Potential
3204.0;84;4;1300.22;Urmas;Kangur;urmas.kangur@yahoo.com;4;4;4;12;Loyal
3205.0;115;1;276.2;Katrin;Kallas;katrin.kallas@hot.ee;4;1;1;6;At risk
3206.0;161;5;3427.36;Indrek;Laas;indrek.laas@outlook.com;3;5;5;13;VIP Champions
3207.0;371;2;265.98;Kevin;Kangur;kevin.kangur@gmail.com;1;2;1;4;At risk
3208.0;182;3;473.48;Urmas;Pärn;urmas.parn@telia.ee;3;3;2;8;Potential
3210.0;85;3;885.42;Sandra;Org;sandra.org@hot.ee;4;3;3;10;Loyal
3211.0;223;1;434.08;Anu;Lepp;anu.lepp@hot.ee;2;1;2;5;At risk
3212.0;136;4;616.85;Kadri;Aas;kadri.aas@mail.ee;3;4;2;9;Potential
3213.0;339;3;683.8;Elis;Kivi;;1;3;3;7;Potential
3214.0;87;5;1156.1;Heli;Lõoke;heli.looke@outlook.com;4;5;4;13;VIP Champions
3216.0;208;1;417.44;Marit;Mägi;;2;1;2;5;At risk
3217.0;320;1;327.07;Meelis;Männik;meelis.mannik@outlook.com;2;1;1;4;At risk
3218.0;7;4;1319.55;Eha;Raid;eha.raid@outlook.com;5;4;4;13;VIP Champions
3219.0;309;1;431.16;Kalev;Raud;kalev.raud@telia.ee;2;1;2;5;At risk
3221.0;222;2;104.35;Marko;Oja;marko.oja@hot.ee;2;2;1;5;At risk
3222.0;63;2;1088.2;Olev;Paju;olev.paju@mail.ee;4;2;4;10;Loyal
3223.0;241;2;563.99;Nele;Teder;nele.teder@gmail.com;2;2;2;6;At risk
3224.0;329;1;215.58;Hille;Paas;hille.paas@mail.ee;1;1;1;3;Lost
3225.0;150;3;1064.95;Maris;Raid;maris.raid@outlook.com;3;3;4;10;Loyal
3226.0;22;3;364.41;Grete;Koppel;grete.koppel@gmail.com;5;3;2;10;Loyal
3227.0;9;7;1768.32;Rein;Roots;rein.roots@yahoo.com;5;5;5;15;VIP Champions
3228.0;41;5;2581.17;Liis;Kask;liis.kask@telia.ee;5;5;5;15;VIP Champions
3229.0;0;4;793.86;Merike;Sild;;5;4;3;12;Loyal
3230.0;174;5;1380.38;Kersti;Orav;kersti.orav@gmail.com;3;5;4;12;Loyal
3231.0;161;2;1202.74;Merike;Pihl;;3;2;4;9;Potential
3232.0;113;6;1311.62;Merle;Vaher;merle.vaher@telia.ee;4;5;4;13;VIP Champions
3233.0;4;6;1031.4099999999999;Marika;Lepp;marika.lepp@yahoo.com;5;5;4;14;VIP Champions
3234.0;15;4;630.11;Aili;Kangur;;5;4;2;11;Loyal
3235.0;140;4;2142.65;Madis;Liiv;madis.liiv2@gmail.com;3;4;5;12;Loyal
3236.0;581;3;373.79;Margus;Puusepp;margus.puusepp@yahoo.com;1;3;2;6;At risk
3237.0;183;4;917.83;Elis;Tamm;elis.tamm@telia.ee;3;4;3;10;Loyal
3238.0;117;2;559.08;Hille;Kuusk;;4;2;2;8;Potential
3239.0;313;2;888.68;Annika;Lõhmus;annika.lohmus@telia.ee;2;2;3;7;Potential
3240.0;2;7;2364.86;Tõnu;Arro;tonu.arro@yahoo.com;5;5;5;15;VIP Champions
3241.0;163;3;527.05;Marko;Tamm;marko.tamm@gmail.com;3;3;2;8;Potential
3242.0;12;7;2050.61;Sander;Toom;sander.toom@yahoo.com;5;5;5;15;VIP Champions
3243.0;211;2;383.87;Riina;Pärn;riina.parn@hot.ee;2;2;2;6;At risk
3244.0;479;1;205.89;Ülle;Valk;ulle.valk@telia.ee;1;1;1;3;Lost
3246.0;73;5;819.15;Ene;Kallas;ene.kallas@hot.ee;4;5;3;12;Loyal
3247.0;455;3;1997.6100000000001;Toomas;Sild;;1;3;5;9;Potential
3248.0;530;3;958.16;Külli;Toom;kulli.toom@hot.ee;1;3;4;8;Potential
3249.0;28;5;1946.02;Kristjan;Tamm;kristjan.tamm@mail.ee;5;5;5;15;VIP Champions
3250.0;234;2;342.68;Grete;Raid;grete.raid@gmail.com;2;2;1;5;At risk
3251.0;140;3;593.34;Urmas;Kukk;urmas.kukk@yahoo.com;3;3;2;8;Potential
3252.0;84;4;1597.97;Enn;Lõhmus;enn.lohmus@gmail.com;4;4;5;13;VIP Champions
3253.0;38;3;1159.83;Kadri;Koppel;kadri.koppel@telia.ee;5;3;4;12;Loyal
3254.0;35;2;579.8;Eha;Järv;eha.jarv@mail.ee;5;2;2;9;Potential
3255.0;443;1;106.69;Triin;Veski;triin.veski@hot.ee;1;1;1;3;Lost
3257.0;45;2;405.62;Aivar;Kivi;aivar.kivi@hot.ee;5;2;2;9;Potential
3258.0;55;5;1258.45;Peeter;Lepp;peeter.lepp@hot.ee;5;5;4;14;VIP Champions
3260.0;277;2;411.47;Katrin;Kaalep;;2;2;2;6;At risk
3261.0;32;3;988.88;Kristjan;Paas;kristjan.paas@mail.ee;5;3;4;12;Loyal
3262.0;267;2;1332.42;Tarmo;Org;tarmo.org@mail.ee;2;2;4;8;Potential
3263.0;8;3;1265.96;Tõnu;Valk;tonu.valk@yahoo.com;5;3;4;12;Loyal
3264.0;498;1;163.64;Meelis;Toom;meelis.toom@gmail.com;1;1;1;3;Lost
3265.0;126;2;535.47;Aivar;Kuusik;aivar.kuusik@mail.ee;3;2;2;7;Potential
3266.0;324;1;706.6;Liina;Kuusk;liina.kuusk@yahoo.com;2;1;3;6;At risk
3267.0;167;2;617.28;Kaido;Rosin;kaido.rosin@outlook.com;3;2;2;7;Potential
3268.0;288;8;2490.68;Rain;Puusepp;rain.puusepp@mail.ee;2;5;5;12;Loyal
3269.0;19;2;431.53999999999996;Hille;Luik;hille.luik@outlook.com;5;2;2;9;Potential
3270.0;118;3;1385.83;Mart;Oja;mart.oja@hot.ee;4;3;4;11;Loyal
3271.0;338;3;699.21;Aivar;Järv;aivar.jarv@outlook.com;1;3;3;7;Potential
3273.0;62;3;1680.9299999999998;Maie;Mägi;maie.magi@gmail.com;4;3;5;12;Loyal
3275.0;333;4;2133.3900000000003;Kadri;Männik;kadri.mannik@outlook.com;1;4;5;10;Loyal
3278.0;452;1;153.4;Rein;Koppel;rein.koppel@gmail.com;1;1;1;3;Lost
3279.0;208;3;757.74;Sandra;Sepp;sandra.sepp@telia.ee;2;3;3;8;Potential
3280.0;97;6;1766.0;Kristjan;Lõhmus;kristjan.lohmus@telia.ee;4;5;5;14;VIP Champions
3281.0;183;1;48.85;Tarmo;Luik;tarmo.luik@hot.ee;3;1;1;5;At risk
3282.0;66;3;940.87;Annika;Lill;annika.lill@mail.ee;4;3;3;10;Loyal
3283.0;111;5;1025.0900000000001;Laura;Sild;laura.sild@gmail.com;4;5;4;13;VIP Champions
3284.0;96;3;1005.3299999999999;Kristiina;Ilves;kristiina.ilves@mail.ee;4;3;4;11;Loyal
3285.0;21;4;828.2800000000001;Rain;Lepik;rain.lepik@outlook.com;5;4;3;12;Loyal
3286.0;68;2;217.36;Kristi;Kuusk;kristi.kuusk@telia.ee;4;2;1;7;Potential
3287.0;263;3;1361.59;Tarmo;Kõiv;tarmo.koiv@gmail.com;2;3;4;9;Potential
3288.0;445;2;387.83000000000004;Margus;Luik;margus.luik@mail.ee;1;2;2;5;At risk
3289.0;85;2;1166.6699999999998;Tiit;Arro;tiit.arro@telia.ee;4;2;4;10;Loyal
3290.0;430;1;495.28;Aivar;Rebane;aivar.rebane@yahoo.com;1;1;2;4;At risk
3291.0;282;4;1196.89;Marko;Tamm;marko.tamm2@gmail.com;2;4;4;10;Loyal
3292.0;109;3;1618.98;Heli;Lepp;heli.lepp@telia.ee;4;3;5;12;Loyal
3293.0;72;3;408.32000000000005;Peeter;Veski;peeter.veski@mail.ee;4;3;2;9;Potential
3296.0;254;3;988.51;Toomas;Laas;toomas.laas@outlook.com;2;3;4;9;Potential
3297.0;318;5;1414.81;Elis;Lõhmus;elis.lohmus@gmail.com;2;5;4;11;Loyal
3298.0;233;3;924.58;Maris;Mägi;maris.magi@yahoo.com;2;3;3;8;Potential
3299.0;513;1;171.33;Lauri;Ilves;lauri.ilves@hot.ee;1;1;1;3;Lost
3300.0;6;3;1156.05;Arvo;Kuusik;arvo.kuusik@yahoo.com;5;3;4;12;Loyal
3301.0;30;1;151.08;Heli;Rosin;heli.rosin@yahoo.com;5;1;1;7;Potential
3302.0;25;6;2567.91;Siim;Toom;siim.toom2@hot.ee;5;5;5;15;VIP Champions
3304.0;6;1;321.42;Arvo;Pihl;arvo.pihl@hot.ee;5;1;1;7;Potential
3305.0;235;7;2502.82;Urmas;Raid;urmas.raid@mail.ee;2;5;5;12;Loyal
3306.0;293;1;260.0;Rein;Teder;rein.teder@yahoo.com;2;1;1;4;At risk
3308.0;651;2;108.18;Tarmo;Kaalep;tarmo.kaalep@mail.ee;1;2;1;4;At risk
3309.0;233;4;940.05;Merike;Org;merike.org@telia.ee;2;4;3;9;Potential
3311.0;53;3;569.36;Väino;Rebane;vaino.rebane@hot.ee;5;3;2;10;Loyal
3312.0;300;5;1043.67;Triin;Lill;triin.lill@yahoo.com;2;5;4;11;Loyal
3313.0;225;1;138.9;Pille;Talvik;pille.talvik@outlook.com;2;1;1;4;At risk
3314.0;87;3;1241.13;Tõnu;Kallas;tonu.kallas@outlook.com;4;3;4;11;Loyal
3315.0;310;2;617.62;Kaido;Tammik;kaido.tammik@yahoo.com;2;2;2;6;At risk
3316.0;283;3;685.79;Maie;Laas;maie.laas@outlook.com;2;3;3;8;Potential
3317.0;286;2;315.8;Tiit;Mets;tiit.mets@hot.ee;2;2;1;5;At risk
3319.0;132;1;432.36;Kalev;Orav;kalev.orav@telia.ee;3;1;2;6;At risk
3320.0;306;3;641.6500000000001;Madis;Paas;madis.paas@yahoo.com;2;3;3;8;Potential
3321.0;26;3;1037.3799999999999;Tõnu;Paas;tonu.paas@gmail.com;5;3;4;12;Loyal
3322.0;297;5;1218.77;Urmas;Lass;urmas.lass@gmail.com;2;5;4;11;Loyal
3324.0;17;2;366.84000000000003;Margus;Raud;margus.raud@telia.ee;5;2;2;9;Potential
3325.0;138;4;1357.46;Henri;Orav;henri.orav@gmail.com;3;4;4;11;Loyal
3326.0;160;2;329.28;Kristjan;Nurk;kristjan.nurk@outlook.com;3;2;1;6;At risk
3327.0;172;4;1452.9;Karin;Nurk;karin.nurk@mail.ee;3;4;5;12;Loyal
3328.0;168;2;918.5;Mihkel;Lõoke;mihkel.looke@gmail.com;3;2;3;8;Potential
3329.0;55;4;754.06;Kalev;Arro;kalev.arro@outlook.com;5;4;3;12;Loyal
3330.0;135;4;688.28;Eha;Värk;eha.vark@outlook.com;3;4;3;10;Loyal
3332.0;48;5;1439.6299999999999;Kadri;Kuusk;;5;5;5;15;VIP Champions
3334.0;46;2;987.75;Reet;Oja;reet.oja@mail.ee;5;2;4;11;Loyal
3335.0;409;1;356.57;Anna;Põld;anna.pold@yahoo.com;1;1;2;4;At risk
3336.0;444;3;562.58;Andres;Paas;andres.paas@yahoo.com;1;3;2;6;At risk
3337.0;82;3;750.28;Laura;Lõoke;laura.looke@outlook.com;4;3;3;10;Loyal
3338.0;189;5;899.12;Karin;Mitt;karin.mitt@gmail.com;3;5;3;11;Loyal
3339.0;207;5;1313.5;Karin;Veski;karin.veski@mail.ee;2;5;4;11;Loyal
3341.0;246;2;390.94;Heino;Kuusk;heino.kuusk2@mail.ee;2;2;2;6;At risk
3342.0;50;6;2038.1599999999999;Erkki;Aas;;5;5;5;15;VIP Champions
3343.0;65;3;1666.4799999999998;Siim;Põld;siim.pold@gmail.com;4;3;5;12;Loyal
3345.0;16;2;257.97;Arvo;Raid;arvo.raid@mail.ee;5;2;1;8;Potential
3346.0;226;1;183.31;Indrek;Raid;;2;1;1;4;At risk
3347.0;5;1;106.69;Olev;Kask;olev.kask@mail.ee;5;1;1;7;Potential
3348.0;238;2;233.79;Enn;Mets;enn.mets@telia.ee;2;2;1;5;At risk
3349.0;44;1;204.87;Marko;Oja;marko.oja@gmail.com;5;1;1;7;Potential
3350.0;19;76;26286.100000000002;Priit;Rand;priit.rand@telia.ee;5;5;5;15;VIP Champions
3351.0;68;6;2124.85;Eha;Kask;eha.kask@outlook.com;4;5;5;14;VIP Champions
3352.0;220;2;851.01;Annika;Kukk;annika.kukk@mail.ee;2;2;3;7;Potential
3353.0;192;1;214.72;Sigrid;Rosin;sigrid.rosin@hot.ee;3;1;1;5;At risk
3354.0;184;4;851.03;Lea;Kull;lea.kull@yahoo.com;3;4;3;10;Loyal
3355.0;36;5;1314.56;Taavi;Rebane;taavi.rebane@mail.ee;5;5;4;14;VIP Champions
3356.0;256;6;1166.13;Kadri;Pihl;kadri.pihl@telia.ee;2;5;4;11;Loyal
3357.0;75;4;745.69;Jüri;Toom;juri.toom@outlook.com;4;4;3;11;Loyal
3358.0;65;6;1710.5700000000002;Hille;Männik;;4;5;5;14;VIP Champions
3359.0;277;5;856.03;Eha;Pärn;eha.parn@gmail.com;2;5;3;10;Loyal
3361.0;142;6;1238.29;Annika;Mets;annika.mets@hot.ee;3;5;4;12;Loyal
3362.0;66;5;1104.57;Hille;Mitt;hille.mitt@hot.ee;4;5;4;13;VIP Champions
3363.0;325;1;130.02;Ene;Oja;ene.oja@telia.ee;2;1;1;4;At risk
3364.0;188;1;278.59;Toomas;Nõmm;toomas.nomm@mail.ee;3;1;1;5;At risk
3365.0;104;4;501.06;Olev;Teder;olev.teder@gmail.com;4;4;2;10;Loyal
3366.0;286;4;784.36;Nele;Männik;;2;4;3;9;Potential
3367.0;57;3;2322.4;Tarmo;Paju;tarmo.paju@mail.ee;5;3;5;13;VIP Champions
3368.0;143;3;782.91;Kristiina;Tammik;;3;3;3;9;Potential
3370.0;1;1;44.08;Mihkel;Raid;mihkel.raid@yahoo.com;5;1;1;7;Potential
3371.0;60;5;1191.77;Olev;Teder;olev.teder@outlook.com;5;5;4;14;VIP Champions
3372.0;256;2;1467.9699999999998;Väino;Rand;vaino.rand@telia.ee;2;2;5;9;Potential
3373.0;35;3;1566.4;Marko;Kangur;;5;3;5;13;VIP Champions
3374.0;89;2;473.74;Maie;Sepp;maie.sepp@telia.ee;4;2;2;8;Potential
3375.0;180;2;1357.61;Kristiina;Kangur;kristiina.kangur@telia.ee;3;2;4;9;Potential
3376.0;265;4;1095.65;Anna;Lepik;anna.lepik@telia.ee;2;4;4;10;Loyal
3377.0;280;5;600.33;Peeter;Järv;peeter.jarv@hot.ee;2;5;2;9;Potential
3379.0;326;3;1158.97;Kevin;Rand;kevin.rand@yahoo.com;2;3;4;9;Potential
3380.0;329;1;1128.99;Kaido;Must;kaido.must@mail.ee;1;1;4;6;At risk
3382.0;95;4;848.46;Ene;Sepp;ene.sepp@hot.ee;4;4;3;11;Loyal
3383.0;169;2;658.49;Tarmo;Paas;tarmo.paas@yahoo.com;3;2;3;8;Potential
3384.0;4;8;2331.12;Indrek;Raid;indrek.raid@gmail.com;5;5;5;15;VIP Champions
3386.0;160;1;605.72;Pille;Nõmm;pille.nomm@yahoo.com;3;1;2;6;At risk
3387.0;623;2;539.19;Margus;Kõiv;margus.koiv@telia.ee;1;2;2;5;At risk
3388.0;75;3;396.04999999999995;Kaido;Laas;kaido.laas@outlook.com;4;3;2;9;Potential
3389.0;442;3;1347.86;Piret;Lass;piret.lass@mail.ee;1;3;4;8;Potential
3390.0;84;1;273.06;Anna;Raud;anna.raud@yahoo.com;4;1;1;6;At risk
3391.0;172;4;705.5999999999999;Lea;Ilves;lea.ilves@hot.ee;3;4;3;10;Loyal
3392.0;179;3;756.25;Liis;Laas;;3;3;3;9;Potential
3393.0;147;4;805.4100000000001;Henri;Põld;henri.pold@mail.ee;3;4;3;10;Loyal
3394.0;122;6;2166.71;Eha;Raid;eha.raid@telia.ee;3;5;5;13;VIP Champions
3395.0;119;4;495.07;Grete;Paas;grete.paas@mail.ee;4;4;2;10;Loyal
3396.0;87;2;513.08;Marko;Arro;marko.arro@yahoo.com;4;2;2;8;Potential
3397.0;215;4;651.23;Riina;Liiv;riina.liiv@yahoo.com;2;4;3;9;Potential
3398.0;247;4;754.8499999999999;Tiit;Mets;tiit.mets@outlook.com;2;4;3;9;Potential
3399.0;185;5;1266.6100000000001;Sigrid;Pihl;sigrid.pihl@hot.ee;3;5;4;12;Loyal
3401.0;36;5;1729.71;Piret;Rand;;5;5;5;15;VIP Champions
3403.0;135;4;610.8199999999999;Margus;Kask;margus.kask@gmail.com;3;4;2;9;Potential
3404.0;322;5;1504.64;Maie;Tammik;;2;5;5;12;Loyal
3405.0;315;5;647.9;Katrin;Paju;katrin.paju@outlook.com;2;5;3;10;Loyal
3406.0;344;2;786.0;Merike;Paas;merike.paas@mail.ee;1;2;3;6;At risk
3408.0;24;4;2025.48;Kalev;Pärn;kalev.parn@mail.ee;5;4;5;14;VIP Champions
3409.0;429;1;130.36;Jaak;Põld;jaak.pold@yahoo.com;1;1;1;3;Lost
3410.0;141;2;305.34000000000003;Jüri;Rebane;juri.rebane@mail.ee;3;2;1;6;At risk
3411.0;177;3;783.74;Jüri;Pärn;juri.parn@mail.ee;3;3;3;9;Potential
3412.0;248;3;1146.99;Rasmus;Veski;rasmus.veski@telia.ee;2;3;4;9;Potential
3413.0;76;1;58.49;Kalev;Must;;4;1;1;6;At risk
3414.0;144;3;1075.24;Peeter;Kangur;;3;3;4;10;Loyal
3415.0;731;1;560.04;Ülle;Kuusk;ulle.kuusk@telia.ee;1;1;2;4;At risk
3416.0;660;2;494.84;Ragnar;Järv;ragnar.jarv@mail.ee;1;2;2;5;At risk
3417.0;279;3;573.73;Kalev;Järv;kalev.jarv@hot.ee;2;3;2;7;Potential
3418.0;682;2;494.81999999999994;Liina;Lass;liina.lass@mail.ee;1;2;2;5;At risk
3419.0;89;4;1747.21;Sirje;Teder;sirje.teder@telia.ee;4;4;5;13;VIP Champions
3420.0;61;1;482.26;Katrin;Kuusk;katrin.kuusk@gmail.com;4;1;2;7;Potential
3421.0;522;4;314.65;Külli;Lass;;1;4;1;6;At risk
3422.0;87;1;166.52;Olev;Kuusik;olev.kuusik@outlook.com;4;1;1;6;At risk
3424.0;65;6;1538.92;Jüri;Paas;;4;5;5;14;VIP Champions
3425.0;106;4;756.99;Liina;Pärn;liina.parn@gmail.com;4;4;3;11;Loyal
3428.0;59;1;583.44;Aili;Org;aili.org@telia.ee;5;1;2;8;Potential
3429.0;137;3;635.8;Kalev;Pärn;kalev.parn2@mail.ee;3;3;3;9;Potential
3430.0;83;4;1405.79;Toomas;Veski;toomas.veski@gmail.com;4;4;4;12;Loyal
3431.0;67;7;1816.4099999999999;Margus;Orav;margus.orav@telia.ee;4;5;5;14;VIP Champions
3432.0;92;5;2475.63;Ülle;Nurk;ulle.nurk@outlook.com;4;5;5;14;VIP Champions
3433.0;64;1;281.19;Ülle;Talvik;ulle.talvik@outlook.com;4;1;1;6;At risk
3434.0;86;3;303.33;Rasmus;Rebane;rasmus.rebane@hot.ee;4;3;1;8;Potential
3435.0;319;5;1898.02;Mihkel;Mägi;mihkel.magi@gmail.com;2;5;5;12;Loyal
3436.0;631;2;404.39;Merle;Saar;;1;2;2;5;At risk
3437.0;153;2;614.9200000000001;Rein;Raid;rein.raid@hot.ee;3;2;2;7;Potential
3438.0;7;6;1001.6800000000001;Lea;Ilves;lea.ilves@mail.ee;5;5;4;14;VIP Champions
3439.0;248;7;1783.97;Kati;Sild;kati.sild@hot.ee;2;5;5;12;Loyal
3441.0;86;2;659.5899999999999;Terje;Järv;terje.jarv@mail.ee;4;2;3;9;Potential
3442.0;102;3;475.26;Meelis;Ilves;;4;3;2;9;Potential
3443.0;125;3;1064.8700000000001;Arvo;Nurk;arvo.nurk@mail.ee;3;3;4;10;Loyal
3444.0;135;2;546.62;Maris;Kuusik;maris.kuusik@yahoo.com;3;2;2;7;Potential
3445.0;179;2;299.31;Maie;Järv;maie.jarv@gmail.com;3;2;1;6;At risk
3446.0;79;6;2692.31;Meelis;Sild;meelis.sild@yahoo.com;4;5;5;14;VIP Champions
3447.0;191;3;1042.22;Kristjan;Lepik;kristjan.lepik@outlook.com;3;3;4;10;Loyal
3448.0;437;1;271.35;Kristi;Tammik;kristi.tammik@mail.ee;1;1;1;3;Lost
3449.0;80;3;1008.65;Külli;Lõoke;kulli.looke@yahoo.com;4;3;4;11;Loyal
3451.0;100;5;1069.3600000000001;Kadri;Lõoke;kadri.looke@mail.ee;4;5;4;13;VIP Champions
3452.0;230;4;489.33;Kalev;Nurk;kalev.nurk@yahoo.com;2;4;2;8;Potential
3453.0;5;1;16.62;Urmas;Valk;urmas.valk2@outlook.com;5;1;1;7;Potential
3454.0;242;1;110.53;Kalev;Kuusik;kalev.kuusik@yahoo.com;2;1;1;4;At risk
3455.0;257;1;351.62;Reet;Rand;reet.rand@yahoo.com;2;1;2;5;At risk
3457.0;125;5;1766.75;Kevin;Must;kevin.must@hot.ee;3;5;5;13;VIP Champions
3458.0;343;4;718.9799999999999;Arvo;Kull;arvo.kull2@hot.ee;1;4;3;8;Potential
3459.0;9;6;1399.3;Erkki;Orav;erkki.orav@mail.ee;5;5;4;14;VIP Champions
3460.0;64;6;2194.25;Siim;Kivi;siim.kivi@yahoo.com;4;5;5;14;VIP Champions
3461.0;259;2;459.94;Kadri;Kukk;kadri.kukk@telia.ee;2;2;2;6;At risk
3462.0;463;2;1002.9499999999999;Väino;Lepik;vaino.lepik@mail.ee;1;2;4;7;Potential
3463.0;48;5;1070.07;Katrin;Teder;katrin.teder@outlook.com;5;5;4;14;VIP Champions
3465.0;592;3;490.09;Liina;Tamm;liina.tamm@telia.ee;1;3;2;6;At risk
3466.0;734;1;57.08;Jaak;Kask;jaak.kask@mail.ee;1;1;1;3;Lost
3467.0;22;3;727.73;Jüri;Laas;juri.laas@outlook.com;5;3;3;11;Loyal
3468.0;442;1;23.45;Heino;Aas;heino.aas@yahoo.com;1;1;1;3;Lost
3469.0;151;4;1117.21;Merle;Puusepp;merle.puusepp@gmail.com;3;4;4;11;Loyal
3470.0;92;5;3166.25;Raivo;Nurk;raivo.nurk@gmail.com;4;5;5;14;VIP Champions
3471.0;197;3;937.94;Taavi;Salu;taavi.salu@gmail.com;3;3;3;9;Potential
3472.0;503;3;1044.5600000000002;Eha;Kask;eha.kask@yahoo.com;1;3;4;8;Potential
3473.0;717;1;273.06;Kersti;Rosin;kersti.rosin@hot.ee;1;1;1;3;Lost
3474.0;52;5;1137.6000000000001;Laura;Kull;laura.kull@yahoo.com;5;5;4;14;VIP Champions
3475.0;300;3;823.33;Margus;Ilves;margus.ilves@yahoo.com;2;3;3;8;Potential
3476.0;84;7;1895.3500000000001;Kristi;Teder;kristi.teder@hot.ee;4;5;5;14;VIP Champions
3477.0;247;2;1421.04;Priit;Männik;priit.mannik@mail.ee;2;2;4;8;Potential
3479.0;164;3;397.54999999999995;Kevin;Lõhmus;kevin.lohmus2@mail.ee;3;3;2;8;Potential
3480.0;125;3;417.49;Taavi;Põld;;3;3;2;8;Potential
3481.0;74;3;675.94;Jaak;Raud;jaak.raud@mail.ee;4;3;3;10;Loyal
3482.0;218;1;206.34;Lauri;Toom;lauri.toom@yahoo.com;2;1;1;4;At risk
3485.0;266;3;484.22;Lauri;Raid;lauri.raid@mail.ee;2;3;2;7;Potential
3486.0;537;2;694.5799999999999;Lea;Hurt;lea.hurt@hot.ee;1;2;3;6;At risk
3488.0;156;1;750.68;Sandra;Saar;sandra.saar@gmail.com;3;1;3;7;Potential
3489.0;135;3;979.8699999999999;Priit;Raid;priit.raid@outlook.com;3;3;4;10;Loyal
3490.0;59;1;107.36;Aivar;Toom;aivar.toom@telia.ee;5;1;1;7;Potential
3491.0;145;2;652.84;Eha;Lepik;eha.lepik@yahoo.com;3;2;3;8;Potential
3492.0;169;2;359.78;Katrin;Kukk;katrin.kukk@outlook.com;3;2;2;7;Potential
3493.0;215;4;911.47;Liis;Nõmm;liis.nomm@hot.ee;2;4;3;9;Potential
3494.0;202;3;701.48;Andres;Arro;;3;3;3;9;Potential
3496.0;307;2;418.1;Kristiina;Lill;kristiina.lill@outlook.com;2;2;2;6;At risk
3497.0;659;1;26.79;Katrin;Kuusik;katrin.kuusik@yahoo.com;1;1;1;3;Lost
3498.0;90;3;1298.4299999999998;Kaido;Kask;kaido.kask@hot.ee;4;3;4;11;Loyal
3500.0;708;2;372.23;Kalev;Valk;kalev.valk@mail.ee;1;2;2;5;At risk
3501.0;169;1;260.04;Hille;Kukk;hille.kukk@yahoo.com;3;1;1;5;At risk
3502.0;154;3;440.42999999999995;Hille;Kukk;hille.kukk@mail.ee;3;3;2;8;Potential
3504.0;349;3;684.4100000000001;Katrin;Männik;katrin.mannik@mail.ee;1;3;3;7;Potential
3505.0;291;4;935.05;Rasmus;Mägi;rasmus.magi@gmail.com;2;4;3;9;Potential
3507.0;292;1;207.23;Reet;Lass;;2;1;1;4;At risk
3508.0;267;3;1309.1399999999999;Henri;Mets;henri.mets2@telia.ee;2;3;4;9;Potential
3509.0;50;4;1163.14;Kalev;Järv;kalev.jarv@yahoo.com;5;4;4;13;VIP Champions
3510.0;281;1;366.62;Aili;Lõoke;aili.looke@yahoo.com;2;1;2;5;At risk
3511.0;236;2;458.6;Ülle;Nõmm;;2;2;2;6;At risk
3512.0;361;5;1980.01;Merike;Raid;merike.raid@yahoo.com;1;5;5;11;Loyal
3513.0;289;1;246.97;Anu;Luik;anu.luik2@yahoo.com;2;1;1;4;At risk
3514.0;403;6;1187.99;Marko;Hurt;marko.hurt@mail.ee;1;5;4;10;Loyal
3515.0;346;5;1796.6299999999999;Tõnu;Orav;tonu.orav@mail.ee;1;5;5;11;Loyal
3516.0;52;5;1210.99;Piret;Must;piret.must@telia.ee;5;5;4;14;VIP Champions
3517.0;369;2;530.69;Terje;Rebane;terje.rebane@outlook.com;1;2;2;5;At risk
3518.0;167;6;1394.4099999999999;Aivar;Rand;;3;5;4;12;Loyal
3520.0;451;2;490.15999999999997;Riina;Kask;riina.kask@gmail.com;1;2;2;5;At risk
3521.0;55;4;1507.99;Lea;Lepp;lea.lepp@hot.ee;5;4;5;14;VIP Champions
3522.0;417;3;616.87;Sirje;Lepp;sirje.lepp@telia.ee;1;3;2;6;At risk
3523.0;133;5;1506.42;Meelis;Raud;meelis.raud@outlook.com;3;5;5;13;VIP Champions
3524.0;117;1;437.16;Heino;Lõoke;heino.looke@telia.ee;4;1;2;7;Potential
3525.0;215;7;1770.1299999999999;Toomas;Luik;toomas.luik@gmail.com;2;5;5;12;Loyal
3526.0;304;2;421.18;Laura;Kangur;laura.kangur2@gmail.com;2;2;2;6;At risk
3527.0;221;1;312.41;Liis;Kuusk;liis.kuusk@gmail.com;2;1;1;4;At risk
3528.0;81;5;1291.43;Jaak;Värk;jaak.vark@yahoo.com;4;5;4;13;VIP Champions
3529.0;186;5;2002.13;Kevin;Kõiv;;3;5;5;13;VIP Champions
3530.0;445;3;450.56;Siim;Mitt;;1;3;2;6;At risk
3531.0;240;2;366.51;Jaak;Nõmm;jaak.nomm@outlook.com;2;2;2;6;At risk
3532.0;239;6;842.46;Kadri;Kõiv;kadri.koiv@hot.ee;2;5;3;10;Loyal
3533.0;73;3;1785.9299999999998;Merle;Talvik;merle.talvik@hot.ee;4;3;5;12;Loyal
3534.0;80;5;998.1999999999999;Mihkel;Raud;mihkel.raud@gmail.com;4;5;4;13;VIP Champions
3535.0;119;3;681.98;Urmas;Kõiv;urmas.koiv@yahoo.com;4;3;3;10;Loyal
3536.0;357;3;458.67;Peeter;Paju;;1;3;2;6;At risk
3537.0;629;1;74.81;Annika;Raud;annika.raud@mail.ee;1;1;1;3;Lost
3538.0;100;3;374.73;Mart;Nõmm;mart.nomm@telia.ee;4;3;2;9;Potential
3539.0;10;4;1071.67;Indrek;Laas;indrek.laas@yahoo.com;5;4;4;13;VIP Champions
3540.0;189;4;1357.4099999999999;Hille;Liiv;hille.liiv@telia.ee;3;4;4;11;Loyal
3543.0;412;1;78.09;Aili;Kask;aili.kask@telia.ee;1;1;1;3;Lost
3545.0;110;6;2850.3;Merike;Rosin;;4;5;5;14;VIP Champions
3549.0;299;3;1304.52;Maris;Lõhmus;maris.lohmus@telia.ee;2;3;4;9;Potential
3550.0;75;2;428.57;Kristiina;Kuusk;kristiina.kuusk@mail.ee;4;2;2;8;Potential
3551.0;130;6;2018.52;Peeter;Lill;peeter.lill@hot.ee;3;5;5;13;VIP Champions
3552.0;184;6;1869.02;Toomas;Puusepp;;3;5;5;13;VIP Champions
3553.0;127;4;1073.26;Sander;Kull;sander.kull@hot.ee;3;4;4;11;Loyal
3554.0;544;3;914.5999999999999;Merike;Raud;merike.raud@outlook.com;1;3;3;7;Potential
3555.0;429;3;1258.03;Heino;Vaher;heino.vaher@yahoo.com;1;3;4;8;Potential
3556.0;9;69;18332.28;Merike;Vaher;merike.vaher@mail.ee;5;5;5;15;VIP Champions
3559.0;1;2;1091.42;Tiit;Talvik;;5;2;4;11;Loyal
3560.0;473;4;1365.73;Aili;Lass;aili.lass@gmail.com;1;4;4;9;Potential
3561.0;213;1;737.34;Tarmo;Sild;tarmo.sild@mail.ee;2;1;3;6;At risk
3562.0;302;5;1573.61;Heli;Kull;heli.kull@outlook.com;2;5;5;12;Loyal
3563.0;82;8;1149.08;Indrek;Oja;indrek.oja@telia.ee;4;5;4;13;VIP Champions
3564.0;573;1;58.96;Hille;Kangur;hille.kangur@yahoo.com;1;1;1;3;Lost
3565.0;138;1;183.31;Nele;Vaher;nele.vaher@gmail.com;3;1;1;5;At risk
3567.0;76;3;1020.5600000000001;Siim;Pihl;siim.pihl@hot.ee;4;3;4;11;Loyal
3568.0;74;2;1412.25;Jaak;Rand;jaak.rand@outlook.com;4;2;4;10;Loyal
3571.0;125;5;1519.76;Eha;Sepp;eha.sepp@mail.ee;3;5;5;13;VIP Champions
3572.0;31;3;1632.08;Karin;Mitt;karin.mitt@outlook.com;5;3;5;13;VIP Champions
3573.0;506;2;201.04000000000002;Ants;Raid;;1;2;1;4;At risk
3574.0;32;3;1959.43;Indrek;Kallas;indrek.kallas@telia.ee;5;3;5;13;VIP Champions
3575.0;83;5;1262.82;Priit;Kallas;priit.kallas@gmail.com;4;5;4;13;VIP Champions
3576.0;24;4;2289.46;Sirje;Lepp;sirje.lepp@hot.ee;5;4;5;14;VIP Champions
3577.0;27;3;786.0699999999999;Henri;Kangur;henri.kangur@gmail.com;5;3;3;11;Loyal
3578.0;27;6;1466.9;Erkki;Kull;erkki.kull@outlook.com;5;5;5;15;VIP Champions
3579.0;222;1;192.22;Sigrid;Luik;sigrid.luik@mail.ee;2;1;1;4;At risk
3580.0;193;3;1020.4;Tiit;Puusepp;tiit.puusepp@gmail.com;3;3;4;10;Loyal
3582.0;22;8;2494.25;Peeter;Valk;peeter.valk@hot.ee;5;5;5;15;VIP Champions
3583.0;368;4;1549.8;Marika;Tamm;marika.tamm@yahoo.com;1;4;5;10;Loyal
3584.0;344;1;142.57;Annika;Talvik;annika.talvik@hot.ee;1;1;1;3;Lost
3585.0;350;5;1082.72;Sandra;Sepp;sandra.sepp@outlook.com;1;5;4;10;Loyal
3586.0;263;1;116.98;Sander;Nurk;sander.nurk@mail.ee;2;1;1;4;At risk
3587.0;16;2;386.67999999999995;Ragnar;Pärn;ragnar.parn@outlook.com;5;2;2;9;Potential
3588.0;186;1;761.4;Ülle;Kangur;ulle.kangur@mail.ee;3;1;3;7;Potential
3589.0;158;2;246.84;Lauri;Hurt;;3;2;1;6;At risk
3590.0;307;2;322.68;Madis;Must;madis.must@outlook.com;2;2;1;5;At risk
3591.0;379;2;346.48;Karin;Raud;karin.raud@mail.ee;1;2;1;4;At risk
3592.0;202;2;632.7;Väino;Paju;vaino.paju@outlook.com;3;2;3;8;Potential
3593.0;178;2;355.21;Marika;Kuusk;;3;2;2;7;Potential
3594.0;267;1;296.58;Ants;Kaalep;ants.kaalep@telia.ee;2;1;1;4;At risk
3595.0;19;1;50.85;Liis;Puusepp;liis.puusepp@outlook.com;5;1;1;7;Potential
3596.0;163;3;1018.09;Väino;Aas;vaino.aas@yahoo.com;3;3;4;10;Loyal
3597.0;426;3;301.51;Pille;Kivi;pille.kivi@yahoo.com;1;3;1;5;At risk
3598.0;185;2;747.26;Ago;Nurk;ago.nurk@hot.ee;3;2;3;8;Potential
3599.0;37;3;925.32;Olev;Lepp;olev.lepp@mail.ee;5;3;3;11;Loyal
3600.0;211;4;1241.49;Kalev;Mägi;kalev.magi2@yahoo.com;2;4;4;10;Loyal
3601.0;148;2;885.0699999999999;Reet;Nõmm;reet.nomm@gmail.com;3;2;3;8;Potential
3602.0;429;3;636.96;Karin;Paas;karin.paas@outlook.com;1;3;3;7;Potential
3603.0;158;6;2389.74;Tarmo;Rosin;tarmo.rosin@telia.ee;3;5;5;13;VIP Champions
3604.0;199;4;1545.27;Marko;Nõmm;marko.nomm@mail.ee;3;4;5;12;Loyal
3605.0;4;77;21626.1;Anu;Kuusik;anu.kuusik@mail.ee;5;5;5;15;VIP Champions
3606.0;486;4;1213.6;Rain;Kuusik;rain.kuusik@telia.ee;1;4;4;9;Potential
3607.0;81;5;1209.04;Lea;Raud;lea.raud@gmail.com;4;5;4;13;VIP Champions
3608.0;168;4;2496.09;Tarmo;Sepp;tarmo.sepp@outlook.com;3;4;5;12;Loyal
3609.0;218;3;681.02;Indrek;Puusepp;indrek.puusepp2@hot.ee;2;3;3;8;Potential
3610.0;150;2;534.03;Grete;Koppel;;3;2;2;7;Potential
3611.0;342;1;282.95;Sirje;Koppel;sirje.koppel@hot.ee;1;1;1;3;Lost
3613.0;509;3;769.6700000000001;Liis;Paju;liis.paju@outlook.com;1;3;3;7;Potential
3614.0;575;2;57.910000000000004;Ülle;Kuusik;;1;2;1;4;At risk
3615.0;142;2;299.54999999999995;Andres;Männik;andres.mannik@gmail.com;3;2;1;6;At risk
3616.0;656;1;63.3;Kersti;Lepik;kersti.lepik@telia.ee;1;1;1;3;Lost
3617.0;18;6;2477.5;Jaak;Kull;jaak.kull@gmail.com;5;5;5;15;VIP Champions
3618.0;7;72;27920.86;Tiina;Pärn;tiina.parn@gmail.com;5;5;5;15;VIP Champions
3619.0;183;5;733.9;Ants;Roots;ants.roots@telia.ee;3;5;3;11;Loyal
3620.0;413;2;798.6700000000001;Andres;Toom;andres.toom@mail.ee;1;2;3;6;At risk
3621.0;627;2;1308.86;Karin;Vaher;karin.vaher@telia.ee;1;2;4;7;Potential
3622.0;184;4;2020.6399999999999;Annika;Rosin;;3;4;5;12;Loyal
3624.0;206;4;1388.1200000000001;Elis;Mitt;elis.mitt@telia.ee;2;4;4;10;Loyal
3626.0;37;6;1278.49;Katrin;Kõiv;katrin.koiv@gmail.com;5;5;4;14;VIP Champions
3627.0;55;4;1330.54;Mihkel;Roots;mihkel.roots@telia.ee;5;4;4;13;VIP Champions
3628.0;499;3;1513.16;Kristjan;Järv;kristjan.jarv@hot.ee;1;3;5;9;Potential
3629.0;1;5;1411.02;Jaak;Värk;jaak.vark@telia.ee;5;5;4;14;VIP Champions
3630.0;395;1;222.1;Heli;Puusepp;heli.puusepp@hot.ee;1;1;1;3;Lost
3631.0;46;3;366.47;Hille;Aas;hille.aas@telia.ee;5;3;2;10;Loyal
3632.0;46;4;1405.85;Margus;Rosin;margus.rosin@outlook.com;5;4;4;13;VIP Champions
3633.0;100;7;1669.56;Heli;Põld;heli.pold@mail.ee;4;5;5;14;VIP Champions
3634.0;12;1;552.4;Taavi;Kangur;taavi.kangur@telia.ee;5;1;2;8;Potential
3636.0;638;2;990.16;Laura;Toom;laura.toom@mail.ee;1;2;4;7;Potential
3637.0;316;4;731.8299999999999;Aivar;Põld;aivar.pold@hot.ee;2;4;3;9;Potential
3638.0;71;6;2214.42;Elis;Sild;elis.sild@outlook.com;4;5;5;14;VIP Champions
3640.0;11;2;1013.8599999999999;Aivar;Laas;aivar.laas@hot.ee;5;2;4;11;Loyal
3641.0;180;2;576.48;Triin;Järv;triin.jarv@telia.ee;3;2;2;7;Potential
3642.0;452;2;399.36;Kevin;Roots;kevin.roots@gmail.com;1;2;2;5;At risk
3643.0;140;7;3559.9;Mart;Liiv;mart.liiv@yahoo.com;3;5;5;13;VIP Champions
3644.0;37;7;2464.95;Mihkel;Sild;;5;5;5;15;VIP Champions
3645.0;216;2;365.19;Katrin;Nurk;katrin.nurk@hot.ee;2;2;2;6;At risk
3646.0;595;2;267.54;Ülle;Valk;ulle.valk@mail.ee;1;2;1;4;At risk
3647.0;153;4;886.15;Ants;Teder;ants.teder@hot.ee;3;4;3;10;Loyal
3648.0;8;72;22942.420000000002;Erkki;Ilves;erkki.ilves@outlook.com;5;5;5;15;VIP Champions
3649.0;191;5;950.21;Lea;Salu;lea.salu@hot.ee;3;5;3;11;Loyal
3650.0;286;3;564.29;Toomas;Vaher;toomas.vaher@outlook.com;2;3;2;7;Potential
3651.0;117;2;410.20000000000005;Lauri;Kukk;lauri.kukk@telia.ee;4;2;2;8;Potential
3654.0;11;6;1036.42;Kersti;Kõiv;kersti.koiv@telia.ee;5;5;4;14;VIP Champions
3655.0;606;3;912.9;Kristiina;Tamm;kristiina.tamm@yahoo.com;1;3;3;7;Potential
3656.0;327;3;842.59;Raivo;Rebane;raivo.rebane@outlook.com;2;3;3;8;Potential
3657.0;191;4;688.61;Triin;Roots;triin.roots@outlook.com;3;4;3;10;Loyal
3659.0;219;3;334.7;Liina;Mägi;liina.magi@gmail.com;2;3;1;6;At risk
3660.0;98;3;970.67;Eha;Liiv;eha.liiv@hot.ee;4;3;4;11;Loyal
3661.0;121;5;2426.1800000000003;Katrin;Raud;katrin.raud@outlook.com;4;5;5;14;VIP Champions
3662.0;164;1;121.51;Arvo;Kull;arvo.kull3@hot.ee;3;1;1;5;At risk
3663.0;49;2;268.57;Taavi;Paju;taavi.paju@yahoo.com;5;2;1;8;Potential
3664.0;300;3;222.23000000000002;Heli;Kuusk;heli.kuusk@mail.ee;2;3;1;6;At risk
3665.0;79;3;625.0;Kalev;Kallas;kalev.kallas@gmail.com;4;3;2;9;Potential
3666.0;62;5;1859.09;Nele;Paas;nele.paas@outlook.com;4;5;5;14;VIP Champions
3668.0;314;4;904.38;Tiit;Paju;tiit.paju@mail.ee;2;4;3;9;Potential
3669.0;590;3;1171.03;Raivo;Koppel;raivo.koppel2@yahoo.com;1;3;4;8;Potential
3672.0;401;7;1534.1599999999999;Taavi;Liiv;taavi.liiv@gmail.com;1;5;5;11;Loyal
3673.0;143;2;438.65;Kaido;Kukk;;3;2;2;7;Potential
3674.0;158;2;427.51;Grete;Salu;grete.salu2@telia.ee;3;2;2;7;Potential
3675.0;207;4;831.4;Heli;Roots;heli.roots@outlook.com;2;4;3;9;Potential
3676.0;267;3;1770.79;Tiina;Pihl;tiina.pihl@gmail.com;2;3;5;10;Loyal
3677.0;8;1;250.72;Ragnar;Paju;ragnar.paju@gmail.com;5;1;1;7;Potential
3678.0;116;1;219.38;Tõnu;Luik;tonu.luik2@telia.ee;4;1;1;6;At risk
3679.0;66;2;417.82000000000005;Madis;Lepik;madis.lepik@telia.ee;4;2;2;8;Potential
3680.0;232;3;1102.87;Aivar;Kuusk;aivar.kuusk@telia.ee;2;3;4;9;Potential
3681.0;16;11;2287.75;Jaak;Sild;;5;5;5;15;VIP Champions
3684.0;62;4;1007.31;Lauri;Talvik;lauri.talvik@mail.ee;4;4;4;12;Loyal
3685.0;255;4;1220.67;Heli;Mägi;heli.magi@yahoo.com;2;4;4;10;Loyal
3686.0;195;3;639.24;Terje;Salu;terje.salu@gmail.com;3;3;3;9;Potential
3687.0;31;4;901.07;Ene;Kuusik;ene.kuusik@gmail.com;5;4;3;12;Loyal
3688.0;237;5;857.21;Tõnu;Must;tonu.must@gmail.com;2;5;3;10;Loyal
3689.0;389;3;583.4;Olev;Kangur;olev.kangur@telia.ee;1;3;2;6;At risk
3690.0;125;1;501.69;Maie;Tamm;maie.tamm@gmail.com;3;1;2;6;At risk
3691.0;74;1;259.23;Anna;Liiv;anna.liiv@gmail.com;4;1;1;6;At risk
3692.0;45;8;3293.95;Väino;Sild;vaino.sild@yahoo.com;5;5;5;15;VIP Champions
3693.0;290;2;649.21;Külli;Must;kulli.must@hot.ee;2;2;3;7;Potential
3694.0;52;1;279.43;Aivar;Salu;aivar.salu@mail.ee;5;1;1;7;Potential
3695.0;338;4;1108.38;Kati;Puusepp;kati.puusepp@hot.ee;1;4;4;9;Potential
3696.0;466;5;2980.9;Tiina;Järv;tiina.jarv@mail.ee;1;5;5;11;Loyal
3697.0;364;2;557.38;Andres;Kuusik;andres.kuusik@mail.ee;1;2;2;5;At risk
3698.0;360;4;802.21;Tiina;Teder;tiina.teder@mail.ee;1;4;3;8;Potential
3699.0;134;10;4522.92;Marko;Pihl;marko.pihl@outlook.com;3;5;5;13;VIP Champions
3700.0;29;2;1088.92;Liina;Valk;liina.valk@outlook.com;5;2;4;11;Loyal
3701.0;711;2;352.5;Tarmo;Tammik;tarmo.tammik@outlook.com;1;2;2;5;At risk
3702.0;166;3;584.85;Väino;Tammik;;3;3;2;8;Potential
3703.0;538;2;1426.28;Liina;Lõhmus;liina.lohmus@gmail.com;1;2;5;8;Potential
3704.0;53;1;68.08;Kaido;Kuusik;kaido.kuusik@yahoo.com;5;1;1;7;Potential
3705.0;108;2;250.0;Grete;Paju;grete.paju@telia.ee;4;2;1;7;Potential
3706.0;67;1;566.48;Anna;Pihl;anna.pihl@yahoo.com;4;1;2;7;Potential
3707.0;6;3;942.25;Anu;Toom;anu.toom@telia.ee;5;3;3;11;Loyal
3708.0;603;1;347.16;Tarmo;Kukk;tarmo.kukk2@outlook.com;1;1;2;4;At risk
3709.0;107;6;1147.6399999999999;Peeter;Org;;4;5;4;13;VIP Champions
3710.0;54;6;2116.89;Liina;Kask;liina.kask@hot.ee;5;5;5;15;VIP Champions
3711.0;82;6;1103.25;Väino;Paju;vaino.paju@yahoo.com;4;5;4;13;VIP Champions
3712.0;126;2;669.38;Indrek;Mägi;indrek.magi@telia.ee;3;2;3;8;Potential
3713.0;42;5;864.69;Marika;Kõiv;;5;5;3;13;VIP Champions
3714.0;208;4;1063.92;Meelis;Raid;meelis.raid@gmail.com;2;4;4;10;Loyal
3715.0;54;1;552.4;Maie;Kaalep;maie.kaalep@telia.ee;5;1;2;8;Potential
3716.0;146;5;1781.36;Jüri;Salu;juri.salu2@yahoo.com;3;5;5;13;VIP Champions
3718.0;56;7;1321.25;Kevin;Orav;kevin.orav@mail.ee;5;5;4;14;VIP Champions
3719.0;193;5;1579.77;Anna;Puusepp;anna.puusepp@hot.ee;3;5;5;13;VIP Champions
3720.0;250;5;2158.81;Grete;Puusepp;grete.puusepp@hot.ee;2;5;5;12;Loyal
3721.0;174;3;1564.98;Heino;Roots;heino.roots@telia.ee;3;3;5;11;Loyal
3722.0;28;62;20317.81;Ago;Kull;ago.kull@yahoo.com;5;5;5;15;VIP Champions
3723.0;195;4;913.6;Marika;Lass;marika.lass@outlook.com;3;4;3;10;Loyal
3724.0;249;1;26.62;Madis;Teder;;2;1;1;4;At risk
3726.0;549;2;742.1800000000001;Sandra;Roots;;1;2;3;6;At risk
3728.0;104;3;251.67;Kristiina;Kull;;4;3;1;8;Potential
3729.0;454;2;280.56;Annika;Must;annika.must@mail.ee;1;2;1;4;At risk
3730.0;513;2;1085.9;Tarmo;Kuusik;tarmo.kuusik@outlook.com;1;2;4;7;Potential
3732.0;7;5;2681.42;Olev;Sild;;5;5;5;15;VIP Champions
3733.0;406;1;106.82;Priit;Aas;priit.aas@yahoo.com;1;1;1;3;Lost
3734.0;104;4;2087.25;Pille;Koppel;pille.koppel@mail.ee;4;4;5;13;VIP Champions
3735.0;357;4;1460.03;Tõnu;Luik;;1;4;5;10;Loyal
3737.0;51;6;2105.1;Sandra;Aas;sandra.aas@telia.ee;5;5;5;15;VIP Champions
3738.0;100;2;333.19;Aili;Rosin;aili.rosin@telia.ee;4;2;1;7;Potential
3740.0;28;2;422.51;Anu;Nurk;anu.nurk@hot.ee;5;2;2;9;Potential
3741.0;16;2;978.99;Peeter;Veski;peeter.veski2@outlook.com;5;2;4;11;Loyal
3742.0;152;1;67.75;Katrin;Rebane;katrin.rebane@outlook.com;3;1;1;5;At risk
3743.0;121;3;747.37;Tiina;Kukk;tiina.kukk2@mail.ee;4;3;3;10;Loyal
3744.0;161;3;691.0999999999999;Ülle;Kuusik;ulle.kuusik@hot.ee;3;3;3;9;Potential
3745.0;293;5;2399.3;Tõnu;Mägi;tonu.magi@telia.ee;2;5;5;12;Loyal
3746.0;135;6;1531.35;Ants;Kull;ants.kull@mail.ee;3;5;5;13;VIP Champions
3748.0;377;3;609.19;Taavi;Kuusk;taavi.kuusk@telia.ee;1;3;2;6;At risk
3750.0;65;4;1041.73;Hille;Lõoke;;4;4;4;12;Loyal
3751.0;229;4;2235.34;Väino;Raud;vaino.raud@yahoo.com;2;4;5;11;Loyal
3752.0;294;3;632.27;Kersti;Järv;;2;3;3;8;Potential
3754.0;369;2;610.8;Lauri;Mets;lauri.mets@telia.ee;1;2;2;5;At risk
3755.0;25;5;848.9200000000001;Aili;Liiv;aili.liiv@hot.ee;5;5;3;13;VIP Champions
3756.0;698;2;245.24;Rein;Nõmm;rein.nomm@hot.ee;1;2;1;4;At risk
3758.0;184;4;862.5;Eha;Org;eha.org@outlook.com;3;4;3;10;Loyal
3759.0;176;4;1778.05;Tarmo;Kukk;tarmo.kukk@telia.ee;3;4;5;12;Loyal
3760.0;103;5;1122.1399999999999;Madis;Värk;madis.vark@telia.ee;4;5;4;13;VIP Champions
3761.0;388;2;233.06;Rein;Paju;rein.paju@mail.ee;1;2;1;4;At risk
3762.0;228;2;474.25;Kati;Mägi;kati.magi@telia.ee;2;2;2;6;At risk
3763.0;645;1;183.4;Eha;Kangur;eha.kangur@telia.ee;1;1;1;3;Lost
3764.0;70;4;1060.04;Katrin;Kivi;;4;4;4;12;Loyal
3765.0;129;3;1264.42;Aili;Teder;aili.teder@mail.ee;3;3;4;10;Loyal
3766.0;151;3;561.19;Andres;Oja;andres.oja@hot.ee;3;3;2;8;Potential
3767.0;196;3;1133.38;Tarmo;Kaalep;tarmo.kaalep2@mail.ee;3;3;4;10;Loyal
3768.0;98;4;947.22;Karin;Sepp;karin.sepp@telia.ee;4;4;3;11;Loyal
3769.0;430;2;429.15;Anna;Luik;anna.luik@hot.ee;1;2;2;5;At risk
3770.0;353;3;1475.3899999999999;Lauri;Männik;lauri.mannik@gmail.com;1;3;5;9;Potential
3771.0;47;3;527.48;Ago;Kukk;ago.kukk@mail.ee;5;3;2;10;Loyal
3772.0;290;2;182.4;Piret;Aas;piret.aas@hot.ee;2;2;1;5;At risk
3773.0;13;4;960.95;Toomas;Lepp;toomas.lepp@gmail.com;5;4;4;13;VIP Champions
3774.0;121;1;270.69;Annika;Sepp;annika.sepp@yahoo.com;4;1;1;6;At risk
3775.0;79;6;2211.61;Väino;Kuusik;vaino.kuusik@gmail.com;4;5;5;14;VIP Champions
3777.0;352;3;577.83;Marika;Aas;marika.aas@outlook.com;1;3;2;6;At risk
3778.0;186;1;176.65;Kalev;Kask;kalev.kask@outlook.com;3;1;1;5;At risk
3779.0;175;1;247.28;Madis;Kivi;madis.kivi@telia.ee;3;1;1;5;At risk
3780.0;47;4;942.1700000000001;Kadri;Mets;kadri.mets@yahoo.com;5;4;3;12;Loyal
3781.0;79;1;1635.35;Eha;Orav;eha.orav@telia.ee;4;1;5;10;Loyal
3782.0;1;4;2350.16;Kristiina;Sepp;kristiina.sepp@telia.ee;5;4;5;14;VIP Champions
3783.0;54;2;369.3;Lea;Kukk;lea.kukk@mail.ee;5;2;2;9;Potential
3784.0;149;6;1393.79;Liina;Roots;liina.roots@yahoo.com;3;5;4;12;Loyal
3785.0;451;1;271.98;Toomas;Lill;toomas.lill@telia.ee;1;1;1;3;Lost
3787.0;199;5;648.02;Aili;Saar;aili.saar@mail.ee;3;5;3;11;Loyal
3788.0;179;6;1052.41;Terje;Laas;terje.laas@outlook.com;3;5;4;12;Loyal
3789.0;336;3;899.0;Peeter;Pihl;peeter.pihl@mail.ee;1;3;3;7;Potential
3790.0;238;2;659.57;Kadri;Liiv;kadri.liiv@telia.ee;2;2;3;7;Potential
3791.0;659;1;154.71;Ülle;Puusepp;ulle.puusepp@telia.ee;1;1;1;3;Lost
3792.0;161;2;393.52;Urmas;Järv;;3;2;2;7;Potential
3793.0;15;5;763.36;Lea;Nõmm;lea.nomm@gmail.com;5;5;3;13;VIP Champions
3794.0;202;2;938.4000000000001;Nele;Koppel;nele.koppel@telia.ee;3;2;3;8;Potential
3795.0;478;2;701.22;Taavi;Hurt;taavi.hurt@outlook.com;1;2;3;6;At risk
3796.0;212;1;221.4;Maris;Oja;maris.oja@mail.ee;2;1;1;4;At risk
3797.0;181;1;127.24;Anna;Must;anna.must@outlook.com;3;1;1;5;At risk
3798.0;174;2;452.13;Annika;Aas;;3;2;2;7;Potential
3799.0;267;2;884.2;Merle;Raud;merle.raud@telia.ee;2;2;3;7;Potential
3802.0;420;1;106.21;Karin;Rosin;karin.rosin@hot.ee;1;1;1;3;Lost
3803.0;319;4;1470.68;Maie;Raud;maie.raud@hot.ee;2;4;5;11;Loyal
3804.0;36;4;1280.74;Anu;Sild;anu.sild@hot.ee;5;4;4;13;VIP Champions
3805.0;536;2;1469.26;Terje;Kivi;terje.kivi@outlook.com;1;2;5;8;Potential
3806.0;172;2;97.11;Lauri;Tamm;lauri.tamm@outlook.com;3;2;1;6;At risk
3808.0;515;1;282.95;Anu;Liiv;anu.liiv2@hot.ee;1;1;1;3;Lost
3809.0;330;4;940.48;Toomas;Raid;toomas.raid@outlook.com;1;4;3;8;Potential
3810.0;11;55;18110.41;Pille;Sepp;pille.sepp@hot.ee;5;5;5;15;VIP Champions
3811.0;51;2;276.98;Andres;Pihl;;5;2;1;8;Potential
3812.0;200;3;485.12;Riina;Rand;riina.rand@yahoo.com;3;3;2;8;Potential
3813.0;117;2;463.69;Nele;Rebane;;4;2;2;8;Potential
3814.0;66;2;1008.69;Külli;Mets;;4;2;4;10;Loyal
3815.0;58;5;840.29;Marko;Mägi;;5;5;3;13;VIP Champions
3816.0;66;2;323.98;Eha;Ilves;eha.ilves@hot.ee;4;2;1;7;Potential
3817.0;172;4;2063.73;Anna;Paas;;3;4;5;12;Loyal
3818.0;131;4;912.51;Indrek;Männik;indrek.mannik@telia.ee;3;4;3;10;Loyal
3819.0;123;1;401.6;Jüri;Kuusk;juri.kuusk@telia.ee;3;1;2;6;At risk
3820.0;268;3;281.36;Aivar;Lill;aivar.lill@telia.ee;2;3;1;6;At risk
3821.0;266;1;437.98;Tiina;Kõiv;tiina.koiv@yahoo.com;2;1;2;5;At risk
3822.0;128;1;286.17;Liina;Kuusk;liina.kuusk2@yahoo.com;3;1;1;5;At risk
3824.0;377;2;859.08;Andres;Lepp;andres.lepp@gmail.com;1;2;3;6;At risk
3825.0;281;3;1074.03;Kati;Paas;kati.paas@gmail.com;2;3;4;9;Potential
3826.0;48;4;1042.3;Marko;Kask;marko.kask@yahoo.com;5;4;4;13;VIP Champions
3827.0;243;2;515.0799999999999;Lea;Raid;lea.raid@outlook.com;2;2;2;6;At risk
3828.0;18;5;1443.54;Pille;Põld;pille.pold@yahoo.com;5;5;5;15;VIP Champions
3829.0;137;4;795.5699999999999;Katrin;Nurk;katrin.nurk@mail.ee;3;4;3;10;Loyal
3830.0;531;1;789.39;Marko;Lõhmus;marko.lohmus@gmail.com;1;1;3;5;At risk
3831.0;111;4;1148.6200000000001;Maris;Rosin;maris.rosin@gmail.com;4;4;4;12;Loyal
3832.0;254;3;662.36;Kaido;Orav;kaido.orav@telia.ee;2;3;3;8;Potential
3833.0;88;5;1002.33;Mihkel;Pihl;mihkel.pihl@gmail.com;4;5;4;13;VIP Champions
3834.0;50;3;1298.94;Grete;Männik;grete.mannik@yahoo.com;5;3;4;12;Loyal
3835.0;36;2;377.45000000000005;Aivar;Luik;aivar.luik@gmail.com;5;2;2;9;Potential
3836.0;327;2;346.36;Tiit;Arro;tiit.arro@outlook.com;2;2;1;5;At risk
3837.0;582;4;1170.95;Anu;Paas;anu.paas@mail.ee;1;4;4;9;Potential
3838.0;391;1;216.18;Ago;Kivi;ago.kivi@gmail.com;1;1;1;3;Lost
3839.0;4;4;775.9300000000001;Tõnu;Värk;tonu.vark@outlook.com;5;4;3;12;Loyal
3840.0;53;4;1178.0;Anna;Pärn;anna.parn@telia.ee;5;4;4;13;VIP Champions
3841.0;216;3;692.4200000000001;Taavi;Kõiv;taavi.koiv@yahoo.com;2;3;3;8;Potential
3842.0;58;2;370.93;Aivar;Koppel;aivar.koppel@hot.ee;5;2;2;9;Potential
3843.0;109;7;3266.7799999999997;Rein;Must;;4;5;5;14;VIP Champions
3845.0;483;2;511.63;Meelis;Oja;meelis.oja@mail.ee;1;2;2;5;At risk
3846.0;274;3;1661.3700000000001;Tiina;Luik;tiina.luik@mail.ee;2;3;5;10;Loyal
3847.0;306;2;978.77;Andres;Kask;andres.kask@yahoo.com;2;2;4;8;Potential
3848.0;105;4;677.93;Maie;Rosin;maie.rosin@yahoo.com;4;4;3;11;Loyal
3849.0;501;4;944.63;Rasmus;Männik;rasmus.mannik3@gmail.com;1;4;3;8;Potential
3850.0;188;3;770.39;Piret;Puusepp;piret.puusepp@outlook.com;3;3;3;9;Potential
3851.0;105;6;1245.8500000000001;Raivo;Pihl;raivo.pihl@outlook.com;4;5;4;13;VIP Champions
3852.0;112;7;2740.79;Nele;Kivi;nele.kivi@telia.ee;4;5;5;14;VIP Champions
3853.0;213;2;1129.28;Olev;Kuusk;olev.kuusk@yahoo.com;2;2;4;8;Potential
3854.0;310;3;1255.26;Toomas;Kivi;toomas.kivi@hot.ee;2;3;4;9;Potential
3855.0;195;2;534.3199999999999;Margus;Tammik;margus.tammik@yahoo.com;3;2;2;7;Potential
3856.0;133;6;1753.12;Kristi;Ilves;kristi.ilves@telia.ee;3;5;5;13;VIP Champions
3857.0;88;3;1805.5299999999997;Grete;Lepik;grete.lepik@outlook.com;4;3;5;12;Loyal
3858.0;78;2;292.34999999999997;Annika;Nõmm;annika.nomm@mail.ee;4;2;1;7;Potential
3859.0;457;2;345.1;Priit;Mitt;priit.mitt@yahoo.com;1;2;1;4;At risk
3861.0;66;5;1503.6200000000001;Mihkel;Talvik;mihkel.talvik@hot.ee;4;5;5;14;VIP Champions
3862.0;154;2;532.04;Enn;Liiv;enn.liiv@yahoo.com;3;2;2;7;Potential
3863.0;100;2;937.3299999999999;Jüri;Raid;juri.raid@mail.ee;4;2;3;9;Potential
3864.0;586;1;208.11;Terje;Rosin;terje.rosin@telia.ee;1;1;1;3;Lost
3865.0;473;3;1009.28;Kersti;Nurk;kersti.nurk@telia.ee;1;3;4;8;Potential
3866.0;324;1;50.85;Raivo;Laas;raivo.laas@telia.ee;2;1;1;4;At risk
3867.0;187;5;2021.71;Reet;Mitt;reet.mitt@gmail.com;3;5;5;13;VIP Champions
3868.0;22;7;1294.08;Anu;Paju;anu.paju@yahoo.com;5;5;4;14;VIP Champions
3869.0;231;3;1138.22;Triin;Pihl;triin.pihl@telia.ee;2;3;4;9;Potential
3870.0;147;3;1078.3200000000002;Sandra;Kaalep;sandra.kaalep@hot.ee;3;3;4;10;Loyal
3872.0;547;4;1418.5900000000001;Annika;Kaalep;annika.kaalep@mail.ee;1;4;4;9;Potential
3873.0;126;2;153.74;Erkki;Mitt;erkki.mitt@yahoo.com;3;2;1;6;At risk
3874.0;68;2;273.1;Katrin;Kuusk;katrin.kuusk@hot.ee;4;2;1;7;Potential
3875.0;259;4;814.17;Ago;Toom;ago.toom@outlook.com;2;4;3;9;Potential
3876.0;31;5;686.03;Heli;Kõiv;heli.koiv@yahoo.com;5;5;3;13;VIP Champions
3877.0;477;1;160.91;Pille;Laas;pille.laas@mail.ee;1;1;1;3;Lost
3878.0;2;2;158.21;Heino;Roots;;5;2;1;8;Potential
3879.0;10;5;1554.46;Anna;Roots;anna.roots@mail.ee;5;5;5;15;VIP Champions
3880.0;358;3;1095.83;Hille;Kangur;hille.kangur@telia.ee;1;3;4;8;Potential
3881.0;219;2;473.28;Pille;Kallas;pille.kallas@yahoo.com;2;2;2;6;At risk
3882.0;81;5;2136.75;Aivar;Kangur;aivar.kangur@hot.ee;4;5;5;14;VIP Champions
3883.0;662;3;675.81;Laura;Männik;laura.mannik2@gmail.com;1;3;3;7;Potential
3884.0;108;3;1286.71;Ago;Talvik;;4;3;4;11;Loyal
3885.0;349;3;480.0;Elis;Lepp;elis.lepp@outlook.com;1;3;2;6;At risk
3886.0;84;4;1754.03;Kevin;Ilves;;4;4;5;13;VIP Champions
3887.0;76;2;547.36;Jüri;Lill;juri.lill@mail.ee;4;2;2;8;Potential
3890.0;64;2;844.8600000000001;Sandra;Org;sandra.org2@hot.ee;4;2;3;9;Potential
3891.0;68;5;433.03999999999996;Rasmus;Toom;rasmus.toom@outlook.com;4;5;2;11;Loyal
3893.0;18;2;591.1899999999999;Ago;Järv;;5;2;2;9;Potential
3894.0;478;2;172.84;Katrin;Liiv;katrin.liiv@hot.ee;1;2;1;4;At risk
3895.0;194;6;1409.1100000000001;Ago;Toom;ago.toom@yahoo.com;3;5;4;12;Loyal
3896.0;350;2;479.31;Sander;Rosin;sander.rosin@mail.ee;1;2;2;5;At risk
3897.0;207;4;1285.71;Urmas;Ilves;urmas.ilves@outlook.com;2;4;4;10;Loyal
3898.0;305;5;2020.0500000000002;Grete;Nurk;grete.nurk@yahoo.com;2;5;5;12;Loyal
3899.0;27;8;2655.03;Laura;Mets;laura.mets2@hot.ee;5;5;5;15;VIP Champions
3903.0;54;3;703.03;Taavi;Raud;taavi.raud@hot.ee;5;3;3;11;Loyal
3904.0;259;2;752.47;Siim;Toom;siim.toom2@gmail.com;2;2;3;7;Potential
3905.0;136;3;1262.6599999999999;Sigrid;Mägi;sigrid.magi@outlook.com;3;3;4;10;Loyal
3906.0;262;3;548.84;Arvo;Lass;;2;3;2;7;Potential
3907.0;239;1;257.32;Rein;Kõiv;rein.koiv@telia.ee;2;1;1;4;At risk
3908.0;276;1;338.04;Piret;Ilves;piret.ilves@outlook.com;2;1;1;4;At risk
3909.0;40;1;282.29;Kristi;Toom;kristi.toom@telia.ee;5;1;1;7;Potential
3911.0;139;3;783.44;Aili;Kukk;aili.kukk@mail.ee;3;3;3;9;Potential
3912.0;203;1;218.99;Kati;Mägi;kati.magi2@telia.ee;3;1;1;5;At risk
3913.0;96;2;1187.57;Mihkel;Lepp;mihkel.lepp@mail.ee;4;2;4;10;Loyal
3914.0;191;3;535.86;Terje;Luik;terje.luik@mail.ee;3;3;2;8;Potential
3915.0;123;3;487.25;Kristi;Hurt;kristi.hurt@gmail.com;3;3;2;8;Potential
3916.0;106;1;208.15;Liina;Lepp;liina.lepp@gmail.com;4;1;1;6;At risk
3919.0;175;4;712.53;Tarmo;Kaalep;tarmo.kaalep@telia.ee;3;4;3;10;Loyal
3921.0;73;5;1141.7;Jaak;Kukk;jaak.kukk@gmail.com;4;5;4;13;VIP Champions
3922.0;225;1;566.48;Rein;Kallas;rein.kallas@telia.ee;2;1;2;5;At risk
3923.0;258;2;767.01;Lauri;Kõiv;lauri.koiv@outlook.com;2;2;3;7;Potential
3924.0;27;5;1618.86;Rasmus;Org;rasmus.org@gmail.com;5;5;5;15;VIP Champions
3925.0;194;3;834.11;Toomas;Puusepp;toomas.puusepp2@outlook.com;3;3;3;9;Potential
3927.0;656;1;140.02;Külli;Järv;kulli.jarv@gmail.com;1;1;1;3;Lost
3928.0;30;6;1492.46;Kristiina;Lepp;kristiina.lepp2@outlook.com;5;5;5;15;VIP Champions
3930.0;111;3;569.29;Ants;Orav;ants.orav@outlook.com;4;3;2;9;Potential
3931.0;571;1;167.23;Jaak;Raud;;1;1;1;3;Lost
3932.0;253;2;429.89;Tarmo;Kask;tarmo.kask@gmail.com;2;2;2;6;At risk
3934.0;147;2;757.46;Kadri;Kull;kadri.kull@telia.ee;3;2;3;8;Potential
3935.0;74;5;1455.83;Toomas;Valk;toomas.valk@telia.ee;4;5;5;14;VIP Champions
3936.0;264;1;519.38;Margus;Kivi;margus.kivi@hot.ee;2;1;2;5;At risk
3937.0;478;3;478.31000000000006;Karin;Mägi;karin.magi@outlook.com;1;3;2;6;At risk
3939.0;192;7;2340.85;Enn;Oja;enn.oja@outlook.com;3;5;5;13;VIP Champions
3941.0;326;1;685.32;Siim;Liiv;siim.liiv@hot.ee;2;1;3;6;At risk
3942.0;43;3;1441.9299999999998;Ragnar;Tamm;ragnar.tamm@mail.ee;5;3;5;13;VIP Champions
3943.0;60;3;800.08;Annika;Lõoke;annika.looke@yahoo.com;5;3;3;11;Loyal
3944.0;129;4;1724.1599999999999;Siim;Tamm;siim.tamm@mail.ee;3;4;5;12;Loyal
3945.0;287;3;2169.01;Ene;Rebane;ene.rebane@yahoo.com;2;3;5;10;Loyal
3946.0;196;4;1275.29;Mihkel;Rosin;mihkel.rosin2@yahoo.com;3;4;4;11;Loyal
3947.0;111;1;72.73;Sander;Kuusik;sander.kuusik@yahoo.com;4;1;1;6;At risk
3948.0;703;1;152.13;Terje;Org;terje.org@mail.ee;1;1;1;3;Lost
3949.0;309;4;1040.09;Margus;Kuusik;;2;4;4;10;Loyal
3950.0;136;2;992.2;Aili;Toom;;3;2;4;9;Potential
3952.0;261;4;407.75;Marko;Liiv;marko.liiv@outlook.com;2;4;2;8;Potential
3953.0;423;6;1009.51;Karin;Järv;karin.jarv@hot.ee;1;5;4;10;Loyal
3954.0;19;3;761.28;Priit;Teder;priit.teder@hot.ee;5;3;3;11;Loyal
3956.0;349;3;1346.6799999999998;Marit;Aas;marit.aas@hot.ee;1;3;4;8;Potential
3957.0;271;6;2598.19;Margus;Lepp;margus.lepp@yahoo.com;2;5;5;12;Loyal
3958.0;103;6;1182.64;Meelis;Saar;;4;5;4;13;VIP Champions
3959.0;83;4;1105.7;Ene;Tammik;;4;4;4;12;Loyal
3961.0;9;2;773.5699999999999;Kalev;Põld;kalev.pold@outlook.com;5;2;3;10;Loyal
3962.0;340;1;49.08;Ülle;Teder;;1;1;1;3;Lost
3963.0;288;2;373.44000000000005;Margus;Roots;margus.roots@outlook.com;2;2;2;6;At risk
3964.0;563;1;305.7;Kersti;Männik;kersti.mannik@yahoo.com;1;1;1;3;Lost
3965.0;340;1;190.78;Heino;Lõoke;heino.looke@mail.ee;1;1;1;3;Lost
3966.0;54;3;1516.9;Olev;Kangur;olev.kangur2@telia.ee;5;3;5;13;VIP Champions
3967.0;144;1;135.99;Annika;Raid;annika.raid@outlook.com;3;1;1;5;At risk
3969.0;603;3;442.41999999999996;Kalev;Oja;kalev.oja@gmail.com;1;3;2;6;At risk
3970.0;479;4;1150.28;Kristiina;Järv;kristiina.jarv@telia.ee;1;4;4;9;Potential
3971.0;202;3;928.6100000000001;Mihkel;Raid;mihkel.raid@hot.ee;3;3;3;9;Potential
3972.0;399;5;1154.51;Kristiina;Kull;kristiina.kull2@hot.ee;1;5;4;10;Loyal
3973.0;83;2;388.42;Terje;Pärn;terje.parn@yahoo.com;4;2;2;8;Potential
3974.0;59;4;444.16999999999996;Priit;Lass;priit.lass@yahoo.com;5;4;2;11;Loyal
3975.0;346;3;366.49;Arvo;Lass;arvo.lass@outlook.com;1;3;2;6;At risk
3978.0;213;1;241.18;Tiina;Oja;tiina.oja@telia.ee;2;1;1;4;At risk
3979.0;162;2;222.2;Eha;Hurt;eha.hurt@yahoo.com;3;2;1;6;At risk
3981.0;154;4;674.45;Rein;Pihl;rein.pihl@gmail.com;3;4;3;10;Loyal
3982.0;21;4;654.24;Siim;Toom;siim.toom@yahoo.com;5;4;3;12;Loyal
3984.0;273;6;802.88;Kati;Tammik;;2;5;3;10;Loyal
3985.0;292;4;599.65;Sirje;Valk;sirje.valk@mail.ee;2;4;2;8;Potential
3986.0;56;1;130.73;Jüri;Nõmm;juri.nomm@gmail.com;5;1;1;7;Potential
3987.0;481;2;588.61;Tiina;Talvik;tiina.talvik2@telia.ee;1;2;2;5;At risk
3988.0;13;2;584.0600000000001;Väino;Hurt;vaino.hurt@yahoo.com;5;2;2;9;Potential
3990.0;61;4;1865.7;Henri;Lepik;henri.lepik@gmail.com;4;4;5;13;VIP Champions
3991.0;75;2;677.1;Väino;Mägi;vaino.magi@hot.ee;4;2;3;9;Potential
3992.0;53;3;711.5999999999999;Kristi;Luik;kristi.luik@yahoo.com;5;3;3;11;Loyal
3993.0;323;4;573.1500000000001;Grete;Arro;grete.arro@hot.ee;2;4;2;8;Potential
3994.0;136;3;1750.35;Andres;Aas;andres.aas@mail.ee;3;3;5;11;Loyal
3995.0;26;6;1463.4099999999999;Marit;Talvik;marit.talvik@telia.ee;5;5;5;15;VIP Champions
3996.0;14;5;1081.45;Heli;Mitt;heli.mitt@outlook.com;5;5;4;14;VIP Champions
3997.0;89;3;1247.3700000000001;Indrek;Arro;indrek.arro@gmail.com;4;3;4;11;Loyal
3998.0;209;2;880.48;Nele;Ilves;;2;2;3;7;Potential
3999.0;347;1;298.94;Kalev;Salu;kalev.salu@gmail.com;1;1;1;3;Lost
4000.0;151;3;382.69;Kristjan;Rand;kristjan.rand2@outlook.com;3;3;2;8;Potential
4001.0;233;3;852.1600000000001;Elis;Tammik;;2;3;3;8;Potential
4002.0;429;3;515.64;Triin;Kaalep;triin.kaalep@yahoo.com;1;3;2;6;At risk
4003.0;28;4;531.27;Kevin;Paas;kevin.paas@gmail.com;5;4;2;11;Loyal
4004.0;149;5;2372.29;Peeter;Põld;peeter.pold@outlook.com;3;5;5;13;VIP Champions
4005.0;17;1;166.27;Toomas;Orav;toomas.orav@outlook.com;5;1;1;7;Potential
4006.0;544;5;1385.4299999999998;Elis;Oja;elis.oja@yahoo.com;1;5;4;10;Loyal
4007.0;287;1;385.11;Sander;Org;sander.org@gmail.com;2;1;2;5;At risk
4008.0;738;1;695.68;Erkki;Arro;erkki.arro@gmail.com;1;1;3;5;At risk
4009.0;206;4;978.93;Terje;Kukk;;2;4;4;10;Loyal
4010.0;10;5;1893.77;Kaido;Kaalep;kaido.kaalep@telia.ee;5;5;5;15;VIP Champions
4011.0;12;5;2302.81;Liina;Teder;liina.teder@telia.ee;5;5;5;15;VIP Champions
4012.0;63;3;1636.68;Aivar;Kivi;aivar.kivi2@hot.ee;4;3;5;12;Loyal
4013.0;610;1;246.97;Piret;Paas;piret.paas@hot.ee;1;1;1;3;Lost
4014.0;109;5;1549.67;Liis;Kangur;liis.kangur@yahoo.com;4;5;5;14;VIP Champions
4015.0;47;2;390.78000000000003;Urmas;Teder;urmas.teder@outlook.com;5;2;2;9;Potential
4016.0;198;1;152.13;Sandra;Kuusk;sandra.kuusk@hot.ee;3;1;1;5;At risk
4017.0;395;2;417.69;Maris;Teder;maris.teder@yahoo.com;1;2;2;5;At risk
4018.0;17;58;17149.84;Terje;Kukk;terje.kukk@gmail.com;5;5;5;15;VIP Champions
4021.0;568;1;332.55;Triin;Liiv;triin.liiv@mail.ee;1;1;1;3;Lost
4023.0;86;6;1194.87;Kristi;Järv;kristi.jarv@yahoo.com;4;5;4;13;VIP Champions
4024.0;144;12;3842.3;Reet;Kõiv;reet.koiv@mail.ee;3;5;5;13;VIP Champions
4025.0;654;1;713.14;Tiit;Tamm;tiit.tamm@mail.ee;1;1;3;5;At risk
4027.0;154;5;1561.03;Kati;Kaalep;kati.kaalep2@outlook.com;3;5;5;13;VIP Champions
4028.0;139;2;559.0;Tiina;Tamm;tiina.tamm@gmail.com;3;2;2;7;Potential
4029.0;45;4;667.76;Sander;Lass;sander.lass@gmail.com;5;4;3;12;Loyal
4030.0;633;1;51.58;Arvo;Laas;arvo.laas@gmail.com;1;1;1;3;Lost
4031.0;627;1;167.23;Kristiina;Talvik;kristiina.talvik@hot.ee;1;1;1;3;Lost
4032.0;410;4;1308.42;Lea;Põld;lea.pold@hot.ee;1;4;4;9;Potential
4033.0;112;3;1192.41;Külli;Nõmm;kulli.nomm@telia.ee;4;3;4;11;Loyal
4034.0;647;1;274.78;Aivar;Hurt;aivar.hurt@outlook.com;1;1;1;3;Lost
4035.0;178;2;522.22;Ülle;Liiv;ulle.liiv@gmail.com;3;2;2;7;Potential
4036.0;188;4;683.29;Terje;Arro;terje.arro@telia.ee;3;4;3;10;Loyal
4037.0;292;1;145.46;Külli;Järv;kulli.jarv2@telia.ee;2;1;1;4;At risk
4038.0;71;5;2387.34;Lea;Lill;lea.lill@mail.ee;4;5;5;14;VIP Champions
4039.0;384;3;1207.37;Annika;Lass;annika.lass@hot.ee;1;3;4;8;Potential
4040.0;114;4;850.11;Aili;Mägi;aili.magi@telia.ee;4;4;3;11;Loyal
4041.0;464;1;311.68;Terje;Kuusk;terje.kuusk@outlook.com;1;1;1;3;Lost
4042.0;88;1;153.62;Reet;Puusepp;reet.puusepp@gmail.com;4;1;1;6;At risk
4043.0;68;4;1783.84;Kati;Pihl;kati.pihl@gmail.com;4;4;5;13;VIP Champions
4044.0;153;6;1087.12;Jüri;Talvik;juri.talvik2@outlook.com;3;5;4;12;Loyal
4045.0;203;7;2197.05;Sigrid;Paas;sigrid.paas@outlook.com;3;5;5;13;VIP Champions
4046.0;8;2;592.39;Hille;Mägi;hille.magi@hot.ee;5;2;2;9;Potential
4047.0;144;2;140.01999999999998;Grete;Kukk;grete.kukk3@hot.ee;3;2;1;6;At risk
4048.0;529;2;839.56;Maris;Sild;maris.sild@hot.ee;1;2;3;6;At risk
4050.0;61;3;1411.55;Pille;Roots;pille.roots@outlook.com;4;3;4;11;Loyal
4051.0;5;1;317.88;Peeter;Rosin;peeter.rosin@hot.ee;5;1;1;7;Potential
4053.0;53;3;2037.1100000000001;Kati;Teder;kati.teder@yahoo.com;5;3;5;13;VIP Champions
4054.0;235;5;1277.72;Enn;Veski;enn.veski@outlook.com;2;5;4;11;Loyal
4055.0;142;5;997.52;Nele;Koppel;nele.koppel@mail.ee;3;5;4;12;Loyal
4056.0;313;2;139.27;Hille;Männik;;2;2;1;5;At risk
4057.0;466;2;627.97;Ragnar;Kull;;1;2;2;5;At risk
4058.0;325;3;613.21;Ants;Liiv;ants.liiv@telia.ee;2;3;2;7;Potential
4059.0;150;3;415.17;Siim;Liiv;siim.liiv@yahoo.com;3;3;2;8;Potential
4060.0;229;2;285.56;Marika;Saar;marika.saar@mail.ee;2;2;1;5;At risk
4063.0;435;2;1115.91;Reet;Lill;reet.lill@telia.ee;1;2;4;7;Potential
4064.0;243;2;647.83;Piret;Paju;;2;2;3;7;Potential
4065.0;397;2;168.61;Kristjan;Kangur;kristjan.kangur@outlook.com;1;2;1;4;At risk
4066.0;228;2;1205.43;Enn;Värk;;2;2;4;8;Potential
4067.0;190;1;337.64;Terje;Rebane;terje.rebane2@outlook.com;3;1;1;5;At risk
4069.0;18;3;497.29;Indrek;Arro;indrek.arro@outlook.com;5;3;2;10;Loyal
4070.0;239;6;1225.02;Kristiina;Mitt;kristiina.mitt@outlook.com;2;5;4;11;Loyal
4071.0;119;2;332.28;Meelis;Mitt;;4;2;1;7;Potential
4072.0;199;2;590.7;Jüri;Org;juri.org@outlook.com;3;2;2;7;Potential
4073.0;576;2;102.28999999999999;Henri;Vaher;;1;2;1;4;At risk
4074.0;41;2;603.76;Priit;Valk;priit.valk@gmail.com;5;2;2;9;Potential
4075.0;620;2;657.83;Väino;Orav;vaino.orav@gmail.com;1;2;3;6;At risk
4076.0;59;10;4471.93;Merike;Kangur;merike.kangur@gmail.com;5;5;5;15;VIP Champions
4077.0;142;3;453.27;Kristi;Mets;kristi.mets@hot.ee;3;3;2;8;Potential
4078.0;493;3;334.75;Elis;Kallas;elis.kallas@gmail.com;1;3;1;5;At risk
4079.0;589;1;201.86;Liina;Kuusk;liina.kuusk@hot.ee;1;1;1;3;Lost
4080.0;75;4;1222.27;Katrin;Paas;katrin.paas@mail.ee;4;4;4;12;Loyal
4081.0;24;3;447.08;Madis;Lepp;madis.lepp@telia.ee;5;3;2;10;Loyal
4082.0;31;5;1246.99;Mihkel;Tammik;mihkel.tammik@yahoo.com;5;5;4;14;VIP Champions
4083.0;555;3;349.97;Aivar;Mitt;;1;3;2;6;At risk
4085.0;439;3;543.0;Sandra;Lill;sandra.lill@hot.ee;1;3;2;6;At risk
4086.0;12;3;1000.06;Terje;Männik;terje.mannik@hot.ee;5;3;4;12;Loyal
4087.0;53;3;1356.8300000000002;Pille;Pärn;pille.parn@yahoo.com;5;3;4;12;Loyal
4088.0;460;4;870.08;Kristiina;Valk;;1;4;3;8;Potential
4089.0;581;1;62.56;Taavi;Lill;taavi.lill@mail.ee;1;1;1;3;Lost
4090.0;100;2;397.38;Terje;Rosin;terje.rosin2@telia.ee;4;2;2;8;Potential
4095.0;25;1;327.06;Ants;Järv;ants.jarv@mail.ee;5;1;1;7;Potential
4096.0;494;3;292.57;Sandra;Lõoke;sandra.looke@telia.ee;1;3;1;5;At risk
4097.0;549;2;496.8;Tarmo;Kull;tarmo.kull@gmail.com;1;2;2;5;At risk
4098.0;292;1;617.68;Karin;Kask;karin.kask@outlook.com;2;1;2;5;At risk
4099.0;552;1;443.78;Kati;Rosin;kati.rosin@telia.ee;1;1;2;4;At risk
4100.0;283;5;1206.47;Pille;Saar;pille.saar@hot.ee;2;5;4;11;Loyal
4102.0;18;3;1005.5600000000001;Reet;Roots;reet.roots@yahoo.com;5;3;4;12;Loyal
4103.0;99;3;315.49;Lea;Salu;lea.salu@gmail.com;4;3;1;8;Potential
4104.0;206;1;114.16;Aivar;Laas;aivar.laas@yahoo.com;2;1;1;4;At risk
4105.0;38;5;1108.15;Karin;Põld;karin.pold@mail.ee;5;5;4;14;VIP Champions
4106.0;519;2;647.02;Marko;Hurt;marko.hurt@telia.ee;1;2;3;6;At risk
4107.0;192;3;405.76;Eha;Aas;eha.aas@yahoo.com;3;3;2;8;Potential
4108.0;306;2;328.35;Ants;Rosin;ants.rosin@outlook.com;2;2;1;5;At risk
4111.0;173;1;292.61;Nele;Kuusik;nele.kuusik@outlook.com;3;1;1;5;At risk
4113.0;116;3;570.54;Ülle;Teder;ulle.teder@yahoo.com;4;3;2;9;Potential
4114.0;76;4;631.71;Heino;Nõmm;heino.nomm@telia.ee;4;4;3;11;Loyal
4115.0;24;7;2521.85;Siim;Aas;siim.aas@mail.ee;5;5;5;15;VIP Champions
4116.0;297;2;284.83000000000004;Hille;Lass;hille.lass@gmail.com;2;2;1;5;At risk
4117.0;424;1;299.1;Jüri;Kallas;juri.kallas@outlook.com;1;1;1;3;Lost
4118.0;63;1;221.89;Priit;Rand;priit.rand@gmail.com;4;1;1;6;At risk
4119.0;60;7;1938.78;Ago;Toom;ago.toom@hot.ee;5;5;5;15;VIP Champions
4120.0;348;5;1606.04;Anna;Valk;anna.valk@hot.ee;1;5;5;11;Loyal
4122.0;31;3;470.3;Jüri;Lepik;;5;3;2;10;Loyal
4124.0;468;1;60.37;Henri;Kull;henri.kull@hot.ee;1;1;1;3;Lost
4125.0;380;1;279.43;Sandra;Kask;sandra.kask@telia.ee;1;1;1;3;Lost
4127.0;27;5;1871.99;Tõnu;Rosin;tonu.rosin@yahoo.com;5;5;5;15;VIP Champions
4129.0;324;4;660.72;Marko;Mägi;marko.magi@telia.ee;2;4;3;9;Potential
4130.0;4;2;784.25;Sandra;Tammik;sandra.tammik@gmail.com;5;2;3;10;Loyal
4131.0;298;2;296.3;Väino;Aas;vaino.aas2@yahoo.com;2;2;1;5;At risk
4132.0;35;4;1804.3;Ragnar;Kukk;ragnar.kukk@outlook.com;5;4;5;14;VIP Champions
4133.0;125;3;993.72;Kevin;Raid;kevin.raid@gmail.com;3;3;4;10;Loyal
4134.0;247;1;74.7;Ene;Aas;ene.aas@gmail.com;2;1;1;4;At risk
4135.0;254;2;1198.47;Mart;Kull;mart.kull@telia.ee;2;2;4;8;Potential
4136.0;324;2;535.48;Indrek;Kuusk;indrek.kuusk@yahoo.com;2;2;2;6;At risk
4137.0;305;3;1048.65;Rain;Sild;rain.sild@yahoo.com;2;3;4;9;Potential
4138.0;318;4;637.64;Rasmus;Must;rasmus.must@hot.ee;2;4;3;9;Potential
4139.0;10;2;259.76;Kristiina;Männik;kristiina.mannik@hot.ee;5;2;1;8;Potential
4140.0;331;2;588.63;Urmas;Mägi;urmas.magi@yahoo.com;1;2;2;5;At risk
4141.0;186;5;1925.8600000000001;Merle;Tamm;merle.tamm@gmail.com;3;5;5;13;VIP Champions
4142.0;91;2;1189.47;Jaak;Rand;jaak.rand@telia.ee;4;2;4;10;Loyal
4144.0;168;6;2084.28;Nele;Nurk;;3;5;5;13;VIP Champions
4145.0;104;4;922.89;Nele;Valk;nele.valk@hot.ee;4;4;3;11;Loyal
4146.0;577;3;1505.4;Elis;Kuusk;elis.kuusk@mail.ee;1;3;5;9;Potential
4147.0;440;1;368.14;Tõnu;Koppel;tonu.koppel@telia.ee;1;1;2;4;At risk
4148.0;61;1;125.98;Laura;Pihl;laura.pihl@outlook.com;4;1;1;6;At risk
4149.0;28;5;1963.82;Triin;Lõhmus;;5;5;5;15;VIP Champions
4150.0;254;6;1063.21;Kaido;Roots;kaido.roots@gmail.com;2;5;4;11;Loyal
4151.0;588;1;53.24;Sigrid;Oja;sigrid.oja@telia.ee;1;1;1;3;Lost
4153.0;77;2;532.05;Raivo;Raid;;4;2;2;8;Potential
4155.0;21;2;866.84;Kristjan;Ilves;;5;2;3;10;Loyal
4156.0;8;2;581.7;Enn;Org;enn.org@telia.ee;5;2;2;9;Potential
4157.0;206;3;1727.42;Margus;Liiv;margus.liiv@hot.ee;2;3;5;10;Loyal
4158.0;148;3;1170.0500000000002;Lauri;Roots;lauri.roots@telia.ee;3;3;4;10;Loyal
4159.0;284;1;171.33;Urmas;Lepp;urmas.lepp@telia.ee;2;1;1;4;At risk
4160.0;41;7;3559.3900000000003;Ülle;Vaher;ulle.vaher@mail.ee;5;5;5;15;VIP Champions
4161.0;143;1;430.26;Enn;Kuusk;enn.kuusk@telia.ee;3;1;2;6;At risk
4162.0;120;1;140.02;Sigrid;Nõmm;sigrid.nomm@hot.ee;4;1;1;6;At risk
4163.0;47;1;257.32;Elis;Rand;elis.rand@hot.ee;5;1;1;7;Potential
4164.0;294;4;1441.99;Hille;Lepik;hille.lepik@hot.ee;2;4;5;11;Loyal
4166.0;162;4;468.20000000000005;Siim;Kask;siim.kask@outlook.com;3;4;2;9;Potential
4167.0;472;6;1475.97;Meelis;Kuusik;meelis.kuusik2@yahoo.com;1;5;5;11;Loyal
4168.0;29;2;927.11;Priit;Lass;priit.lass@gmail.com;5;2;3;10;Loyal
4169.0;84;2;531.77;Külli;Mägi;kulli.magi@gmail.com;4;2;2;8;Potential
4170.0;299;2;288.0;Mart;Mägi;mart.magi@yahoo.com;2;2;1;5;At risk
4171.0;176;2;581.2;Aivar;Teder;aivar.teder@gmail.com;3;2;2;7;Potential
4173.0;208;3;715.9;Marika;Arro;marika.arro@outlook.com;2;3;3;8;Potential
4174.0;62;4;557.84;Priit;Roots;priit.roots@outlook.com;4;4;2;10;Loyal
4175.0;426;3;831.13;Meelis;Mets;meelis.mets@gmail.com;1;3;3;7;Potential
4176.0;122;6;2828.68;Triin;Tammik;triin.tammik@gmail.com;3;5;5;13;VIP Champions
4177.0;77;6;753.47;Taavi;Järv;taavi.jarv2@telia.ee;4;5;3;12;Loyal
4178.0;13;65;19295.32;Ago;Lõoke;ago.looke@telia.ee;5;5;5;15;VIP Champions
4179.0;330;2;814.85;Katrin;Kaalep;katrin.kaalep@telia.ee;1;2;3;6;At risk
4180.0;186;1;167.94;Grete;Rand;grete.rand@telia.ee;3;1;1;5;At risk
4181.0;380;2;275.73;Katrin;Kivi;katrin.kivi@telia.ee;1;2;1;4;At risk
4182.0;515;1;642.2;Indrek;Tamm;indrek.tamm@telia.ee;1;1;3;5;At risk
4184.0;297;4;1482.3600000000001;Erkki;Valk;erkki.valk@hot.ee;2;4;5;11;Loyal
4185.0;35;2;1327.98;Madis;Pihl;madis.pihl@telia.ee;5;2;4;11;Loyal
4186.0;637;1;83.97;Rasmus;Mägi;rasmus.magi2@gmail.com;1;1;1;3;Lost
4187.0;84;1;204.87;Marko;Rosin;marko.rosin@gmail.com;4;1;1;6;At risk
4188.0;220;2;585.72;Rain;Laas;rain.laas@gmail.com;2;2;2;6;At risk
4189.0;69;1;626.16;Arvo;Salu;arvo.salu@yahoo.com;4;1;2;7;Potential
4190.0;85;4;2048.3199999999997;Kevin;Hurt;kevin.hurt@gmail.com;4;4;5;13;VIP Champions
4191.0;194;6;1680.43;Ülle;Toom;ulle.toom@telia.ee;3;5;5;13;VIP Champions
4192.0;148;3;687.69;Maie;Mägi;maie.magi@mail.ee;3;3;3;9;Potential
4193.0;443;4;546.73;Heli;Põld;heli.pold@outlook.com;1;4;2;7;Potential
4194.0;248;3;2013.4;Priit;Lill;priit.lill@telia.ee;2;3;5;10;Loyal
4195.0;9;3;644.88;Annika;Sild;annika.sild@hot.ee;5;3;3;11;Loyal
4196.0;59;2;826.63;Taavi;Puusepp;taavi.puusepp@hot.ee;5;2;3;10;Loyal
4198.0;77;5;2021.9900000000002;Reet;Kuusik;reet.kuusik@mail.ee;4;5;5;14;VIP Champions
4199.0;2;1;503.04;Grete;Rand;;5;1;2;8;Potential
4200.0;91;3;504.03;Kristi;Mets;kristi.mets@mail.ee;4;3;2;9;Potential
4201.0;7;2;187.12;Marika;Mitt;marika.mitt@gmail.com;5;2;1;8;Potential
4202.0;264;1;296.4;Ene;Rand;ene.rand2@telia.ee;2;1;1;4;At risk
4203.0;159;3;1080.4499999999998;Siim;Koppel;siim.koppel@telia.ee;3;3;4;10;Loyal
4205.0;350;7;2524.59;Kristi;Aas;kristi.aas@gmail.com;1;5;5;11;Loyal
4206.0;0;69;21916.75;Kersti;Lill;kersti.lill@telia.ee;5;5;5;15;VIP Champions
4207.0;105;6;2079.9;Kadri;Must;kadri.must@yahoo.com;4;5;5;14;VIP Champions
4208.0;244;2;345.79;Mihkel;Lõhmus;mihkel.lohmus@yahoo.com;2;2;1;5;At risk
4209.0;239;1;416.7;Kristiina;Oja;kristiina.oja@outlook.com;2;1;2;5;At risk
4210.0;71;5;1042.96;Arvo;Roots;;4;5;4;13;VIP Champions
4212.0;41;8;1446.04;Kalev;Saar;kalev.saar@hot.ee;5;5;5;15;VIP Champions
4213.0;222;3;755.1700000000001;Ants;Hurt;ants.hurt@gmail.com;2;3;3;8;Potential
4214.0;276;2;443.45;Marko;Paju;marko.paju2@gmail.com;2;2;2;6;At risk
4215.0;644;1;509.85;Henri;Valk;henri.valk@telia.ee;1;1;2;4;At risk
4217.0;418;4;2216.37;Mart;Kuusik;mart.kuusik@outlook.com;1;4;5;10;Loyal
4218.0;242;2;524.5699999999999;Taavi;Liiv;taavi.liiv@mail.ee;2;2;2;6;At risk
4219.0;221;4;983.3900000000001;Merle;Kuusk;merle.kuusk@yahoo.com;2;4;4;10;Loyal
4220.0;8;6;1970.4199999999998;Kadri;Kukk;kadri.kukk@gmail.com;5;5;5;15;VIP Champions
4221.0;246;4;1059.47;Madis;Kõiv;madis.koiv@gmail.com;2;4;4;10;Loyal
4222.0;139;1;573.68;Peeter;Rebane;peeter.rebane@outlook.com;3;1;2;6;At risk
4224.0;351;2;304.61;Riina;Valk;riina.valk@yahoo.com;1;2;1;4;At risk
4226.0;448;2;855.58;Ago;Kallas;ago.kallas@hot.ee;1;2;3;6;At risk
4227.0;84;4;1874.6599999999999;Lea;Nurk;lea.nurk@outlook.com;4;4;5;13;VIP Champions
4229.0;206;7;3434.64;Maris;Luik;maris.luik@telia.ee;2;5;5;12;Loyal
4230.0;80;6;2328.05;Lauri;Männik;lauri.mannik@mail.ee;4;5;5;14;VIP Champions
4232.0;15;5;1052.07;Siim;Mägi;siim.magi@outlook.com;5;5;4;14;VIP Champions
4234.0;421;3;722.0699999999999;Ragnar;Lill;ragnar.lill2@mail.ee;1;3;3;7;Potential
4235.0;116;3;673.1600000000001;Erkki;Tammik;;4;3;3;10;Loyal
4238.0;190;3;1388.06;Elis;Laas;elis.laas2@gmail.com;3;3;4;10;Loyal
4239.0;566;5;993.57;Tarmo;Laas;tarmo.laas@hot.ee;1;5;4;10;Loyal
4240.0;29;3;796.53;Taavi;Vaher;taavi.vaher@yahoo.com;5;3;3;11;Loyal
4241.0;734;1;169.08;Arvo;Mägi;arvo.magi@gmail.com;1;1;1;3;Lost
4242.0;129;4;1363.81;Kevin;Paju;kevin.paju@gmail.com;3;4;4;11;Loyal
4243.0;209;4;1041.03;Piret;Rebane;piret.rebane@yahoo.com;2;4;4;10;Loyal
4244.0;708;2;585.4300000000001;Ene;Lass;ene.lass@outlook.com;1;2;2;5;At risk
4245.0;133;7;2097.78;Indrek;Aas;;3;5;5;13;VIP Champions
4246.0;254;1;90.8;Sandra;Lill;sandra.lill@yahoo.com;2;1;1;4;At risk
4248.0;140;2;1093.44;Toomas;Toom;toomas.toom@outlook.com;3;2;4;9;Potential
4249.0;271;3;838.5600000000001;Piret;Vaher;piret.vaher@mail.ee;2;3;3;8;Potential
4250.0;8;1;55.04;Triin;Rosin;triin.rosin@gmail.com;5;1;1;7;Potential
4251.0;232;3;899.26;Heli;Puusepp;heli.puusepp@mail.ee;2;3;3;8;Potential
4252.0;155;3;816.89;Katrin;Kaalep;katrin.kaalep@gmail.com;3;3;3;9;Potential
4253.0;19;2;588.85;Henri;Puusepp;henri.puusepp@hot.ee;5;2;2;9;Potential
4254.0;237;1;269.88;Heli;Org;heli.org@outlook.com;2;1;1;4;At risk
4255.0;335;4;2594.2699999999995;Liis;Mägi;liis.magi@hot.ee;1;4;5;10;Loyal
4256.0;68;2;1033.56;Kristiina;Lill;kristiina.lill2@mail.ee;4;2;4;10;Loyal
4257.0;120;1;602.31;Väino;Tamm;vaino.tamm@yahoo.com;4;1;2;7;Potential
4258.0;313;2;518.63;Toomas;Kangur;toomas.kangur@outlook.com;2;2;2;6;At risk
4259.0;219;10;2546.41;Annika;Paas;annika.paas@gmail.com;2;5;5;12;Loyal
4260.0;97;6;864.75;Riina;Koppel;;4;5;3;12;Loyal
4261.0;173;6;1873.04;Mart;Kallas;mart.kallas@yahoo.com;3;5;5;13;VIP Champions
4262.0;264;2;362.97;Erkki;Rand;erkki.rand@outlook.com;2;2;2;6;At risk
4263.0;100;4;610.0699999999999;Külli;Tamm;kulli.tamm@outlook.com;4;4;2;10;Loyal
4264.0;150;3;373.31;Kalev;Kukk;kalev.kukk@gmail.com;3;3;2;8;Potential
4265.0;356;2;212.82;Aili;Sepp;aili.sepp@outlook.com;1;2;1;4;At risk
4266.0;389;4;1243.03;Kadri;Kuusk;kadri.kuusk2@hot.ee;1;4;4;9;Potential
4267.0;79;1;50.77;Sirje;Roots;sirje.roots@hot.ee;4;1;1;6;At risk
4268.0;500;1;408.9;Ants;Mets;;1;1;2;4;At risk
4269.0;96;4;957.55;Maie;Mets;;4;4;4;12;Loyal
4270.0;10;4;750.7;Annika;Kangur;annika.kangur@mail.ee;5;4;3;12;Loyal
4271.0;606;2;1136.38;Madis;Rand;madis.rand@outlook.com;1;2;4;7;Potential
4273.0;183;1;234.99;Kadri;Lill;kadri.lill@yahoo.com;3;1;1;5;At risk
4274.0;196;4;668.22;Andres;Männik;andres.mannik2@gmail.com;3;4;3;10;Loyal
4276.0;166;3;492.54;Marit;Kuusik;marit.kuusik@mail.ee;3;3;2;8;Potential
4277.0;7;3;857.0300000000001;Ragnar;Raud;ragnar.raud@hot.ee;5;3;3;11;Loyal
4279.0;255;4;1036.5700000000002;Ülle;Raid;ulle.raid@mail.ee;2;4;4;10;Loyal
4280.0;20;4;1305.22;Raivo;Lass;raivo.lass@outlook.com;5;4;4;13;VIP Champions
4281.0;538;2;107.63;Heli;Värk;heli.vark@hot.ee;1;2;1;4;At risk
4282.0;25;1;269.88;Siim;Kuusik;;5;1;1;7;Potential
4283.0;21;2;253.36;Kalev;Liiv;kalev.liiv@gmail.com;5;2;1;8;Potential
4284.0;55;3;492.91999999999996;Henri;Toom;henri.toom@gmail.com;5;3;2;10;Loyal
4285.0;253;3;896.4;Merike;Roots;merike.roots@gmail.com;2;3;3;8;Potential
4286.0;179;7;3708.37;Anna;Org;anna.org@gmail.com;3;5;5;13;VIP Champions
4287.0;548;3;1080.91;Pille;Pärn;pille.parn@outlook.com;1;3;4;8;Potential
4288.0;85;6;2384.6899999999996;Kevin;Rand;kevin.rand@telia.ee;4;5;5;14;VIP Champions
4290.0;33;2;472.33;Liis;Koppel;liis.koppel@mail.ee;5;2;2;9;Potential
4291.0;329;3;347.43;Karin;Koppel;karin.koppel@hot.ee;1;3;2;6;At risk
4292.0;82;2;462.1;Kristjan;Puusepp;kristjan.puusepp@gmail.com;4;2;2;8;Potential
4293.0;73;4;1719.52;Jüri;Valk;juri.valk@gmail.com;4;4;5;13;VIP Champions
4294.0;74;8;1781.05;Ago;Lepp;ago.lepp@hot.ee;4;5;5;14;VIP Champions
4295.0;60;3;283.67;Meelis;Kangur;meelis.kangur@mail.ee;5;3;1;9;Potential
4297.0;9;2;1000.3600000000001;Toomas;Puusepp;toomas.puusepp3@outlook.com;5;2;4;11;Loyal
4299.0;461;1;615.66;Hille;Sild;;1;1;2;4;At risk
4300.0;273;1;219.19;Väino;Põld;vaino.pold@telia.ee;2;1;1;4;At risk
4301.0;105;4;326.55;Liis;Arro;liis.arro@gmail.com;4;4;1;9;Potential
4303.0;216;1;31.65;Elis;Nurk;elis.nurk@telia.ee;2;1;1;4;At risk
4304.0;117;2;1383.0600000000002;Jaak;Liiv;jaak.liiv@mail.ee;4;2;4;10;Loyal
4306.0;412;1;290.32;Kristiina;Lepp;kristiina.lepp@hot.ee;1;1;1;3;Lost
4307.0;98;5;1797.99;Merike;Rebane;merike.rebane@outlook.com;4;5;5;14;VIP Champions
4308.0;443;2;568.46;Terje;Teder;terje.teder@outlook.com;1;2;2;5;At risk
4309.0;388;2;254.12;Reet;Saar;reet.saar@outlook.com;1;2;1;4;At risk
4310.0;142;6;1215.88;Priit;Lill;priit.lill@gmail.com;3;5;4;12;Loyal
4311.0;110;4;1425.02;Ene;Männik;;4;4;5;13;VIP Champions
4312.0;149;8;1828.48;Erkki;Hurt;erkki.hurt@mail.ee;3;5;5;13;VIP Champions
4313.0;637;1;121.51;Jaak;Rebane;jaak.rebane@outlook.com;1;1;1;3;Lost
4314.0;33;7;1953.47;Arvo;Lill;arvo.lill@yahoo.com;5;5;5;15;VIP Champions
4315.0;334;3;932.3100000000001;Tarmo;Hurt;tarmo.hurt@mail.ee;1;3;3;7;Potential
4316.0;86;6;1419.96;Reet;Talvik;reet.talvik@mail.ee;4;5;4;13;VIP Champions
4317.0;80;5;1171.29;Annika;Pihl;;4;5;4;13;VIP Champions
4318.0;158;2;518.5;Sander;Nõmm;sander.nomm@telia.ee;3;2;2;7;Potential
4319.0;356;3;792.49;Sigrid;Kivi;sigrid.kivi@mail.ee;1;3;3;7;Potential
4321.0;303;4;864.9300000000001;Karin;Mets;;2;4;3;9;Potential
4322.0;48;5;1812.3600000000001;Anna;Kuusk;anna.kuusk@hot.ee;5;5;5;15;VIP Champions
4323.0;231;3;285.11;Väino;Kaalep;;2;3;1;6;At risk
4324.0;255;4;662.8599999999999;Toomas;Arro;toomas.arro@mail.ee;2;4;3;9;Potential
4325.0;62;1;127.92;Ene;Org;ene.org@gmail.com;4;1;1;6;At risk
4326.0;54;2;443.11;Henri;Pihl;henri.pihl@outlook.com;5;2;2;9;Potential
4327.0;173;4;991.99;Jüri;Salu;juri.salu@telia.ee;3;4;4;11;Loyal
4328.0;62;3;1585.63;Kristi;Rand;kristi.rand@mail.ee;4;3;5;12;Loyal
4330.0;108;6;1540.42;Tarmo;Puusepp;tarmo.puusepp@telia.ee;4;5;5;14;VIP Champions
4331.0;43;1;314.55;Liis;Kuusik;liis.kuusik@telia.ee;5;1;1;7;Potential
4333.0;129;2;415.28;Kristiina;Pärn;kristiina.parn@telia.ee;3;2;2;7;Potential
4334.0;10;32;8446.5;Priit;Järv;;5;5;5;15;VIP Champions
4335.0;176;2;234.63;Rasmus;Lass;rasmus.lass@yahoo.com;3;2;1;6;At risk
4336.0;283;1;444.2;Eha;Saar;eha.saar@gmail.com;2;1;2;5;At risk
4337.0;232;2;196.13;Hille;Kuusk;hille.kuusk@yahoo.com;2;2;1;5;At risk
4338.0;125;3;769.74;Merle;Luik;merle.luik@mail.ee;3;3;3;9;Potential
4339.0;37;1;178.58;Triin;Koppel;triin.koppel@gmail.com;5;1;1;7;Potential
4340.0;642;2;1451.8799999999999;Piret;Saar;piret.saar2@gmail.com;1;2;5;8;Potential
4341.0;154;2;835.75;Kati;Paas;;3;2;3;8;Potential
4342.0;68;5;1268.9;Ülle;Saar;ulle.saar@gmail.com;4;5;4;13;VIP Champions
4343.0;203;3;722.87;Enn;Paas;enn.paas@mail.ee;3;3;3;9;Potential
4345.0;76;3;1178.76;Peeter;Orav;peeter.orav@hot.ee;4;3;4;11;Loyal
4346.0;59;7;2369.11;Arvo;Pärn;arvo.parn@hot.ee;5;5;5;15;VIP Champions
4347.0;71;2;694.6600000000001;Triin;Koppel;;4;2;3;9;Potential
4348.0;407;3;1238.23;Riina;Aas;riina.aas@yahoo.com;1;3;4;8;Potential
4349.0;328;4;965.98;Sandra;Värk;sandra.vark@yahoo.com;1;4;4;9;Potential
4350.0;204;2;448.54;Aili;Kull;aili.kull@gmail.com;3;2;2;7;Potential
4352.0;350;2;1336.55;Tiit;Oja;tiit.oja@mail.ee;1;2;4;7;Potential
4354.0;279;1;218.54;Kristiina;Kask;kristiina.kask@outlook.com;2;1;1;4;At risk
4355.0;174;3;1596.9;Arvo;Talvik;;3;3;5;11;Loyal
4357.0;244;5;947.2;Marika;Orav;marika.orav2@mail.ee;2;5;3;10;Loyal
4358.0;0;3;492.55;Arvo;Vaher;arvo.vaher@hot.ee;5;3;2;10;Loyal
4360.0;115;2;840.36;Kristiina;Veski;kristiina.veski@telia.ee;4;2;3;9;Potential
4361.0;28;3;1855.5;Erkki;Veski;erkki.veski@gmail.com;5;3;5;13;VIP Champions
4362.0;494;1;141.05;Ene;Nõmm;;1;1;1;3;Lost
4363.0;43;3;1745.1599999999999;Eha;Ilves;eha.ilves@mail.ee;5;3;5;13;VIP Champions
4364.0;226;5;708.18;Piret;Kallas;piret.kallas@yahoo.com;2;5;3;10;Loyal
4365.0;30;7;2305.84;Jüri;Sild;juri.sild@gmail.com;5;5;5;15;VIP Champions
4366.0;216;3;520.1600000000001;Kristiina;Lill;kristiina.lill2@outlook.com;2;3;2;7;Potential
4367.0;592;2;685.86;Grete;Koppel;grete.koppel2@gmail.com;1;2;3;6;At risk
4368.0;85;6;2840.54;Elis;Veski;elis.veski2@outlook.com;4;5;5;14;VIP Champions
4370.0;717;1;339.21;Henri;Pärn;henri.parn2@mail.ee;1;1;1;3;Lost
4372.0;234;4;1264.53;Triin;Ilves;triin.ilves@hot.ee;2;4;4;10;Loyal
4373.0;87;5;2264.34;Ülle;Org;ulle.org2@gmail.com;4;5;5;14;VIP Champions
4376.0;59;4;1005.9499999999999;Kristjan;Sild;kristjan.sild@hot.ee;5;4;4;13;VIP Champions
4377.0;611;1;831.35;Indrek;Teder;indrek.teder@yahoo.com;1;1;3;5;At risk
4378.0;153;3;1166.58;Merike;Mets;;3;3;4;10;Loyal
4379.0;491;1;218.54;Külli;Liiv;kulli.liiv@yahoo.com;1;1;1;3;Lost
4380.0;174;5;945.42;Madis;Hurt;madis.hurt@hot.ee;3;5;3;11;Loyal
4381.0;245;2;664.41;Heino;Kaalep;heino.kaalep@gmail.com;2;2;3;7;Potential
4383.0;63;4;548.4300000000001;Arvo;Paju;arvo.paju@outlook.com;4;4;2;10;Loyal
4384.0;181;6;638.36;Kristi;Järv;kristi.jarv@telia.ee;3;5;3;11;Loyal
4385.0;119;3;827.12;Rein;Paas;rein.paas@gmail.com;4;3;3;10;Loyal
4387.0;412;1;84.54;Aili;Lass;aili.lass2@gmail.com;1;1;1;3;Lost
4388.0;85;4;1866.42;Lea;Lill;lea.lill@gmail.com;4;4;5;13;VIP Champions
4389.0;10;1;157.49;Kaido;Luik;kaido.luik@telia.ee;5;1;1;7;Potential
4390.0;195;4;1147.79;Triin;Mitt;triin.mitt@outlook.com;3;4;4;11;Loyal
4391.0;62;1;713.14;Annika;Aas;annika.aas@mail.ee;4;1;3;8;Potential
4392.0;66;5;1779.1100000000001;Piret;Kivi;piret.kivi@gmail.com;4;5;5;14;VIP Champions
4394.0;139;5;1361.25;Sander;Männik;sander.mannik@hot.ee;3;5;4;12;Loyal
4395.0;117;4;1226.6;Taavi;Koppel;taavi.koppel2@mail.ee;4;4;4;12;Loyal
4396.0;81;5;3306.1;Maie;Tammik;maie.tammik2@mail.ee;4;5;5;14;VIP Champions
4398.0;3;4;1536.61;Rasmus;Must;rasmus.must@gmail.com;5;4;5;14;VIP Champions
4399.0;9;2;406.26;Priit;Saar;priit.saar@outlook.com;5;2;2;9;Potential
4400.0;11;7;1806.37;Mihkel;Kask;mihkel.kask@yahoo.com;5;5;5;15;VIP Champions
4401.0;443;3;359.53999999999996;Margus;Nurk;;1;3;2;6;At risk
4402.0;140;2;437.28999999999996;Pille;Mets;pille.mets@gmail.com;3;2;2;7;Potential
4403.0;137;1;437.98;Madis;Tammik;madis.tammik@telia.ee;3;1;2;6;At risk
4404.0;173;4;591.85;Heino;Nõmm;heino.nomm@yahoo.com;3;4;2;9;Potential
4405.0;677;2;1253.9299999999998;Piret;Lepp;piret.lepp@mail.ee;1;2;4;7;Potential
4407.0;79;2;744.4200000000001;Henri;Mets;henri.mets@mail.ee;4;2;3;9;Potential
4408.0;440;2;122.24;Kristi;Koppel;kristi.koppel@outlook.com;1;2;1;4;At risk
4409.0;220;3;425.90999999999997;Indrek;Pihl;indrek.pihl@telia.ee;2;3;2;7;Potential
4410.0;72;7;1129.48;Jaak;Nõmm;jaak.nomm@gmail.com;4;5;4;13;VIP Champions
4411.0;58;1;147.16;Reet;Puusepp;;5;1;1;7;Potential
4412.0;38;5;2184.75;Nele;Talvik;nele.talvik@yahoo.com;5;5;5;15;VIP Champions
4413.0;341;2;294.27;Ago;Tammik;ago.tammik@telia.ee;1;2;1;4;At risk
4414.0;614;2;163.37;Pille;Oja;;1;2;1;4;At risk
4415.0;21;1;145.46;Merike;Kuusk;merike.kuusk@outlook.com;5;1;1;7;Potential
4417.0;224;3;646.84;Ants;Ilves;ants.ilves@hot.ee;2;3;3;8;Potential
4418.0;104;7;2532.13;Margus;Nõmm;margus.nomm@telia.ee;4;5;5;14;VIP Champions
4419.0;496;6;1946.21;Kati;Kuusik;;1;5;5;11;Loyal
4422.0;554;4;1016.75;Rain;Kull;rain.kull@yahoo.com;1;4;4;9;Potential
4423.0;177;3;416.73999999999995;Marika;Tamm;marika.tamm@hot.ee;3;3;2;8;Potential
4424.0;346;2;252.25;Meelis;Arro;meelis.arro@yahoo.com;1;2;1;4;At risk
4426.0;61;4;1240.67;Peeter;Koppel;peeter.koppel@yahoo.com;4;4;4;12;Loyal
4427.0;260;7;1620.64;Laura;Lõhmus;;2;5;5;12;Loyal
4428.0;588;2;996.81;Tiit;Koppel;tiit.koppel@mail.ee;1;2;4;7;Potential
4429.0;40;4;1008.27;Sirje;Liiv;sirje.liiv@outlook.com;5;4;4;13;VIP Champions
4430.0;39;1;327.28;Väino;Põld;vaino.pold@gmail.com;5;1;1;7;Potential
4431.0;434;5;1647.94;Ragnar;Ilves;ragnar.ilves@gmail.com;1;5;5;11;Loyal
4432.0;89;5;802.4499999999999;Kati;Rand;kati.rand@hot.ee;4;5;3;12;Loyal
4433.0;650;1;55.04;Mart;Värk;;1;1;1;3;Lost
4434.0;534;1;181.68;Urmas;Põld;urmas.pold@telia.ee;1;1;1;3;Lost
4436.0;132;2;635.62;Andres;Kask;andres.kask@hot.ee;3;2;3;8;Potential
4437.0;228;2;549.02;Sigrid;Sild;sigrid.sild@telia.ee;2;2;2;6;At risk
4438.0;91;4;284.25;Ants;Lõhmus;ants.lohmus@telia.ee;4;4;1;9;Potential
4439.0;152;5;1439.3500000000001;Kalev;Toom;kalev.toom@yahoo.com;3;5;5;13;VIP Champions
4441.0;246;4;1385.1;Grete;Toom;grete.toom@telia.ee;2;4;4;10;Loyal
4442.0;167;2;313.98;Priit;Arro;priit.arro@yahoo.com;3;2;1;6;At risk
4443.0;91;5;873.86;Anna;Kuusk;anna.kuusk@mail.ee;4;5;3;12;Loyal
4444.0;776;1;501.69;Ragnar;Rosin;ragnar.rosin@telia.ee;1;1;2;4;At risk
4446.0;60;4;1279.01;Siim;Hurt;siim.hurt@mail.ee;5;4;4;13;VIP Champions
4447.0;68;3;888.6600000000001;Margus;Mets;margus.mets@hot.ee;4;3;3;10;Loyal
4450.0;100;6;1534.49;Tiina;Kukk;tiina.kukk@yahoo.com;4;5;5;14;VIP Champions
4451.0;12;8;2560.35;Katrin;Värk;katrin.vark@yahoo.com;5;5;5;15;VIP Champions
4452.0;77;6;2343.75;Grete;Tamm;grete.tamm@hot.ee;4;5;5;14;VIP Champions
4453.0;184;1;138.78;Tõnu;Must;tonu.must2@gmail.com;3;1;1;5;At risk
4454.0;83;9;2761.4900000000002;Indrek;Männik;indrek.mannik@hot.ee;4;5;5;14;VIP Champions
4457.0;277;1;536.8;Maris;Kuusk;maris.kuusk@outlook.com;2;1;2;5;At risk
4458.0;283;4;1808.5299999999997;Kadri;Rebane;kadri.rebane@hot.ee;2;4;5;11;Loyal
4459.0;56;3;553.72;Ragnar;Kuusik;ragnar.kuusik@outlook.com;5;3;2;10;Loyal
4460.0;300;3;235.13;Anu;Pihl;anu.pihl@gmail.com;2;3;1;6;At risk
4461.0;94;5;2231.57;Tiina;Kukk;tiina.kukk@telia.ee;4;5;5;14;VIP Champions
4463.0;317;3;1058.61;Kristiina;Põld;kristiina.pold@yahoo.com;2;3;4;9;Potential
4464.0;17;5;1378.72;Ragnar;Tamm;ragnar.tamm@outlook.com;5;5;4;14;VIP Champions
4465.0;254;1;442.12;Heli;Orav;heli.orav@yahoo.com;2;1;2;5;At risk
4466.0;10;5;2077.06;Ants;Kaalep;ants.kaalep@mail.ee;5;5;5;15;VIP Champions
4467.0;148;2;734.6700000000001;Sigrid;Teder;sigrid.teder@outlook.com;3;2;3;8;Potential
4468.0;182;6;991.69;Eha;Rosin;eha.rosin@hot.ee;3;5;4;12;Loyal
4469.0;199;3;394.81;Marika;Raid;marika.raid@gmail.com;3;3;2;8;Potential
4470.0;263;3;228.55;Maris;Aas;maris.aas@gmail.com;2;3;1;6;At risk
4471.0;48;1;110.02;Liis;Aas;liis.aas@hot.ee;5;1;1;7;Potential
4473.0;60;4;564.1899999999999;Terje;Vaher;terje.vaher@gmail.com;5;4;2;11;Loyal
4474.0;53;1;590.73;Karin;Kivi;karin.kivi@outlook.com;5;1;2;8;Potential
4475.0;100;3;516.6;Madis;Puusepp;madis.puusepp@mail.ee;4;3;2;9;Potential
4476.0;332;3;862.5699999999999;Maie;Kõiv;maie.koiv2@hot.ee;1;3;3;7;Potential
4477.0;381;3;670.36;Kristjan;Hurt;kristjan.hurt@hot.ee;1;4;3;8;Potential
4478.0;127;3;2066.42;Kersti;Laas;kersti.laas@gmail.com;3;4;5;12;Loyal
4480.0;36;4;1469.23;Piret;Sild;;5;4;5;14;VIP Champions
4481.0;195;3;1117.36;Laura;Aas;;3;4;4;11;Loyal
4483.0;68;2;192.53;Arvo;Lepik;arvo.lepik3@telia.ee;4;2;1;7;Potential
4484.0;58;6;2247.33;Anu;Mets;anu.mets@hot.ee;5;5;5;15;VIP Champions
4485.0;1;6;1906.42;Elis;Talvik;elis.talvik@mail.ee;5;5;5;15;VIP Champions
4488.0;99;3;955.0;Karin;Paas;karin.paas@hot.ee;4;4;3;11;Loyal
4489.0;70;4;1221.68;Henri;Aas;henri.aas@mail.ee;4;4;4;12;Loyal
4490.0;169;4;1468.35;Kristjan;Paas;kristjan.paas@hot.ee;3;4;5;12;Loyal
4491.0;164;6;1678.29;Sander;Org;sander.org@outlook.com;3;5;5;13;VIP Champions
4493.0;204;3;875.74;Väino;Lõoke;vaino.looke2@hot.ee;3;4;3;10;Loyal
4494.0;110;2;1329.4;Meelis;Sepp;meelis.sepp@mail.ee;4;2;4;10;Loyal
4497.0;214;5;1615.75;Rain;Kivi;rain.kivi2@telia.ee;2;5;5;12;Loyal
4498.0;257;3;732.81;Jüri;Must;juri.must@hot.ee;2;4;3;9;Potential
4499.0;172;4;1277.92;Margus;Pihl;margus.pihl@gmail.com;3;4;4;11;Loyal
4500.0;259;1;22.7;Toomas;Oja;toomas.oja@telia.ee;2;1;1;4;At risk
4501.0;14;4;1345.91;Marika;Toom;;5;4;4;13;VIP Champions
4502.0;94;1;274.5;Marit;Kõiv;marit.koiv@mail.ee;4;1;1;6;At risk
4503.0;307;2;900.6;Siim;Värk;siim.vark@outlook.com;2;2;3;7;Potential
4504.0;126;1;116.2;Sander;Liiv;sander.liiv@outlook.com;3;1;1;5;At risk
4505.0;8;3;2148.65;Enn;Kaalep;enn.kaalep@mail.ee;5;4;5;14;VIP Champions
4507.0;206;3;346.07;Kadri;Salu;kadri.salu@telia.ee;2;4;1;7;Potential
4508.0;355;4;2041.63;Jüri;Liiv;juri.liiv@mail.ee;1;4;5;10;Loyal
4509.0;25;7;2405.24;Siim;Lill;siim.lill@gmail.com;5;5;5;15;VIP Champions
4510.0;0;2;662.48;Erkki;Oja;erkki.oja@outlook.com;5;2;3;10;Loyal
4511.0;444;3;633.45;Merike;Raid;merike.raid@mail.ee;1;4;3;8;Potential
4512.0;285;3;755.46;Kadri;Tammik;kadri.tammik@mail.ee;2;4;3;9;Potential
4513.0;214;3;981.4300000000001;Andres;Kukk;andres.kukk@yahoo.com;2;4;4;10;Loyal
4514.0;124;4;1679.2800000000002;Annika;Raid;annika.raid2@outlook.com;3;4;5;12;Loyal
4515.0;128;3;420.61;Marko;Kuusk;marko.kuusk@yahoo.com;3;4;2;9;Potential
4516.0;251;2;475.27;Urmas;Kivi;;2;2;2;6;At risk
4517.0;161;4;1183.26;Hille;Kask;hille.kask@hot.ee;3;4;4;11;Loyal
4518.0;511;1;411.78;Triin;Rosin;triin.rosin@yahoo.com;1;1;2;4;At risk
4519.0;69;4;2508.65;Külli;Rand;kulli.rand@hot.ee;4;4;5;13;VIP Champions
4520.0;372;1;664.26;Erkki;Mitt;erkki.mitt@hot.ee;1;1;3;5;At risk
4521.0;1;6;1234.0;Rasmus;Mitt;rasmus.mitt@hot.ee;5;5;4;14;VIP Champions
4522.0;188;3;934.78;Heli;Salu;heli.salu@mail.ee;3;4;3;10;Loyal
4523.0;453;2;171.13;Sandra;Tamm;sandra.tamm@outlook.com;1;2;1;4;At risk
4525.0;208;5;1106.47;Tiit;Roots;tiit.roots@outlook.com;2;5;4;11;Loyal
4526.0;537;1;106.69;Jaak;Paas;jaak.paas@telia.ee;1;1;1;3;Lost
4527.0;107;1;138.13;Jaak;Lõoke;;4;1;1;6;At risk
4528.0;317;5;2609.63;Aivar;Mets;aivar.mets@telia.ee;2;5;5;12;Loyal
4529.0;139;2;309.34000000000003;Maris;Kangur;maris.kangur@gmail.com;3;2;1;6;At risk
4530.0;81;3;1455.3100000000002;Ragnar;Luik;ragnar.luik2@gmail.com;4;4;5;13;VIP Champions
4531.0;661;1;41.63;Reet;Arro;reet.arro@mail.ee;1;1;1;3;Lost
4532.0;90;1;169.9;Raivo;Toom;raivo.toom@outlook.com;4;1;1;6;At risk
4533.0;125;4;2647.0;Hille;Roots;hille.roots@outlook.com;3;4;5;12;Loyal
4534.0;81;7;1540.04;Kersti;Must;;4;5;5;14;VIP Champions
4535.0;68;2;882.54;Nele;Paju;nele.paju@gmail.com;4;2;3;9;Potential
4536.0;239;4;1673.47;Peeter;Pärn;peeter.parn@gmail.com;2;4;5;11;Loyal
4538.0;174;2;794.14;Toomas;Luik;toomas.luik2@gmail.com;3;2;3;8;Potential
4539.0;259;4;1304.26;Urmas;Salu;urmas.salu@hot.ee;2;4;4;10;Loyal
4541.0;344;2;647.62;Liis;Ilves;;1;2;3;6;At risk
4542.0;166;5;600.8000000000001;Maie;Rosin;maie.rosin@outlook.com;3;5;2;10;Loyal
4543.0;26;4;2250.12;Sirje;Värk;sirje.vark@gmail.com;5;4;5;14;VIP Champions
4544.0;713;3;749.32;Kati;Järv;kati.jarv@telia.ee;1;4;3;8;Potential
4545.0;203;2;398.87;Peeter;Hurt;;3;2;2;7;Potential
4546.0;153;2;707.12;Andres;Vaher;andres.vaher@hot.ee;3;2;3;8;Potential
4548.0;91;2;296.58;Sandra;Sild;sandra.sild@gmail.com;4;2;1;7;Potential
4549.0;344;6;1033.4;Kristiina;Liiv;kristiina.liiv@gmail.com;1;5;4;10;Loyal
4551.0;234;2;599.86;Siim;Kask;siim.kask@gmail.com;2;2;2;6;At risk
4552.0;329;3;1446.73;Terje;Koppel;terje.koppel@outlook.com;1;4;5;10;Loyal
4555.0;333;1;201.14;Maie;Paju;maie.paju@gmail.com;1;1;1;3;Lost
4556.0;447;2;394.60999999999996;Meelis;Rand;meelis.rand@yahoo.com;1;2;2;5;At risk
4557.0;75;2;768.33;Tõnu;Kõiv;;4;2;3;9;Potential
4558.0;9;4;1412.7600000000002;Kadri;Nurk;kadri.nurk@mail.ee;5;4;4;13;VIP Champions
4559.0;278;1;310.9;Mart;Sild;;2;1;1;4;At risk
4560.0;204;3;1404.42;Aivar;Järv;aivar.jarv2@outlook.com;3;4;4;11;Loyal
4561.0;57;3;1373.6399999999999;Ants;Koppel;ants.koppel@outlook.com;5;4;4;13;VIP Champions
4562.0;67;3;641.6;Heino;Sild;heino.sild@telia.ee;4;4;3;11;Loyal
4563.0;201;3;892.4100000000001;Priit;Kivi;priit.kivi@outlook.com;3;4;3;10;Loyal
4565.0;107;3;1301.82;Jüri;Paju;juri.paju@telia.ee;4;4;4;12;Loyal
4566.0;282;4;606.08;Tiit;Lõoke;tiit.looke2@yahoo.com;2;4;2;8;Potential
4567.0;66;1;53.01;Külli;Männik;kulli.mannik@yahoo.com;4;1;1;6;At risk
4568.0;40;1;1374.35;Sirje;Männik;sirje.mannik@gmail.com;5;1;4;10;Loyal
4569.0;306;5;928.55;Mihkel;Värk;mihkel.vark@telia.ee;2;5;3;10;Loyal
4570.0;231;4;878.5600000000001;Kevin;Raid;kevin.raid@hot.ee;2;4;3;9;Potential
4571.0;125;6;2185.55;Sander;Talvik;sander.talvik@telia.ee;3;5;5;13;VIP Champions
4572.0;87;2;365.47;Merike;Lepp;merike.lepp@outlook.com;4;2;2;8;Potential
4573.0;108;3;596.4100000000001;Triin;Nurk;;4;4;2;10;Loyal
4574.0;263;1;789.39;Terje;Männik;terje.mannik@outlook.com;2;1;3;6;At risk
4577.0;256;3;710.66;Olev;Oja;olev.oja@yahoo.com;2;4;3;9;Potential
4578.0;109;3;956.39;Siim;Kivi;siim.kivi2@yahoo.com;4;4;3;11;Loyal
4579.0;65;2;133.47;Liina;Kangur;;4;2;1;7;Potential
4580.0;95;5;898.86;Merle;Põld;;4;5;3;12;Loyal
4581.0;127;4;575.24;Marit;Puusepp;marit.puusepp@hot.ee;3;4;2;9;Potential
4582.0;26;4;1580.7199999999998;Meelis;Pärn;meelis.parn@outlook.com;5;4;5;14;VIP Champions
4583.0;562;1;550.2;Andres;Rand;andres.rand@mail.ee;1;1;2;4;At risk
4584.0;46;5;2834.7400000000002;Katrin;Salu;katrin.salu@gmail.com;5;5;5;15;VIP Champions
4585.0;60;6;3287.58;Lauri;Männik;lauri.mannik@telia.ee;5;5;5;15;VIP Champions
4586.0;82;4;917.0799999999999;Külli;Mitt;kulli.mitt@telia.ee;4;4;3;11;Loyal
4588.0;83;5;1487.3999999999999;Henri;Aas;henri.aas2@mail.ee;4;5;5;14;VIP Champions
4589.0;8;7;2131.86;Lauri;Kangur;lauri.kangur@telia.ee;5;5;5;15;VIP Champions
4590.0;59;5;1568.46;Jüri;Rosin;juri.rosin@yahoo.com;5;5;5;15;VIP Champions
4591.0;347;2;471.84;Nele;Lõoke;nele.looke@mail.ee;1;2;2;5;At risk
4592.0;182;4;1083.49;Peeter;Tammik;peeter.tammik@gmail.com;3;4;4;11;Loyal
4593.0;366;4;1058.1;Kristiina;Oja;kristiina.oja2@outlook.com;1;4;4;9;Potential
4595.0;405;2;241.73;Raivo;Tammik;raivo.tammik@gmail.com;1;2;1;4;At risk
4596.0;61;2;388.53;Kaido;Pärn;kaido.parn@yahoo.com;4;2;2;8;Potential
4597.0;69;7;2215.52;Terje;Lepp;terje.lepp@yahoo.com;4;5;5;14;VIP Champions
4598.0;3;4;1716.38;Tiina;Kaalep;tiina.kaalep@mail.ee;5;4;5;14;VIP Champions
4599.0;17;6;1261.55;Triin;Puusepp;triin.puusepp@gmail.com;5;5;4;14;VIP Champions
4601.0;287;3;679.77;Meelis;Kaalep;meelis.kaalep@hot.ee;2;4;3;9;Potential
4602.0;170;5;1891.34;Laura;Must;laura.must2@yahoo.com;3;5;5;13;VIP Champions
4603.0;92;5;2153.0;Piret;Lepik;piret.lepik@hot.ee;4;5;5;14;VIP Champions
4604.0;5;6;1217.61;Liis;Veski;liis.veski@telia.ee;5;5;4;14;VIP Champions
4605.0;181;3;1126.08;Aivar;Koppel;;3;4;4;11;Loyal
4606.0;14;1;624.82;Kristi;Kivi;kristi.kivi@mail.ee;5;1;2;8;Potential
4607.0;43;4;885.97;Piret;Toom;piret.toom@yahoo.com;5;4;3;12;Loyal
4608.0;517;1;241.13;Terje;Männik;;1;1;1;3;Lost
4610.0;556;3;501.31;Andres;Nurk;;1;4;2;7;Potential
4611.0;0;4;1658.96;Ragnar;Kaalep;ragnar.kaalep@outlook.com;5;4;5;14;VIP Champions
4612.0;209;6;1889.9;Kaido;Oja;kaido.oja@mail.ee;2;5;5;12;Loyal
4613.0;108;2;599.8199999999999;Meelis;Paas;meelis.paas@telia.ee;4;2;2;8;Potential
4614.0;241;2;394.03;Enn;Ilves;enn.ilves@yahoo.com;2;2;2;6;At risk
4615.0;27;6;943.9699999999999;Kersti;Lill;kersti.lill@yahoo.com;5;5;3;13;VIP Champions
4616.0;548;2;1752.7199999999998;Arvo;Paju;;1;2;5;8;Potential
4618.0;521;1;347.16;Peeter;Kask;peeter.kask2@telia.ee;1;1;2;4;At risk
4619.0;43;1;106.82;Urmas;Arro;urmas.arro@telia.ee;5;1;1;7;Potential
4620.0;270;1;302.79;Grete;Põld;grete.pold@yahoo.com;2;1;1;4;At risk
4621.0;106;3;1455.8600000000001;Piret;Raid;piret.raid@telia.ee;4;4;5;13;VIP Champions
4622.0;49;1;139.74;Enn;Lõhmus;;5;1;1;7;Potential
4623.0;157;3;679.6;Raivo;Lepp;raivo.lepp@hot.ee;3;4;3;10;Loyal
4624.0;321;5;2422.9;Enn;Teder;enn.teder@outlook.com;2;5;5;12;Loyal
4625.0;13;3;777.38;Ants;Roots;ants.roots@yahoo.com;5;4;3;12;Loyal
4626.0;180;4;731.08;Liis;Salu;liis.salu2@mail.ee;3;4;3;10;Loyal
4627.0;3;4;2101.39;Kristjan;Roots;kristjan.roots@outlook.com;5;4;5;14;VIP Champions
4628.0;220;2;202.8;Maie;Kuusk;maie.kuusk@yahoo.com;2;2;1;5;At risk
4629.0;57;3;490.39;Triin;Mitt;triin.mitt2@outlook.com;5;4;2;11;Loyal
4630.0;126;1;505.02;Mart;Lepik;mart.lepik@hot.ee;3;1;2;6;At risk
4631.0;214;3;1872.52;Taavi;Põld;taavi.pold@outlook.com;2;4;5;11;Loyal
4632.0;244;1;164.43;Heli;Kangur;heli.kangur@mail.ee;2;1;1;4;At risk
4633.0;600;2;506.5;Kristi;Valk;kristi.valk@hot.ee;1;2;2;5;At risk
4634.0;70;5;1105.79;Ülle;Laas;ulle.laas@mail.ee;4;5;4;13;VIP Champions
4635.0;377;3;461.24;Margus;Hurt;margus.hurt@gmail.com;1;4;2;7;Potential
4636.0;38;3;892.39;Reet;Rosin;;5;4;3;12;Loyal
4637.0;69;4;1127.0900000000001;Kati;Ilves;kati.ilves@yahoo.com;4;4;4;12;Loyal
4638.0;141;4;1450.05;Henri;Lill;henri.lill@telia.ee;3;4;5;12;Loyal
4639.0;213;3;498.46;Olev;Kask;olev.kask@yahoo.com;2;4;2;8;Potential
4640.0;44;5;1792.58;Rasmus;Hurt;rasmus.hurt@mail.ee;5;5;5;15;VIP Champions
4642.0;86;4;1176.92;Liis;Kask;liis.kask@mail.ee;4;4;4;12;Loyal
4643.0;308;3;824.3499999999999;Rein;Kuusk;rein.kuusk@gmail.com;2;4;3;9;Potential
4644.0;59;7;1677.21;Mihkel;Talvik;mihkel.talvik@telia.ee;5;5;5;15;VIP Champions
4647.0;174;1;374.32;Maie;Kuusk;maie.kuusk@outlook.com;3;1;2;6;At risk
4648.0;653;1;1458.6;Meelis;Tammik;meelis.tammik@mail.ee;1;1;5;7;Potential
4649.0;208;1;225.28;Karin;Tammik;karin.tammik@telia.ee;2;1;1;4;At risk
4650.0;8;1;17.97;Marika;Lill;marika.lill2@hot.ee;5;1;1;7;Potential
4652.0;188;1;166.27;Olev;Mägi;olev.magi@telia.ee;3;1;1;5;At risk
4653.0;97;3;342.48;Madis;Paju;madis.paju@yahoo.com;4;4;1;9;Potential
4654.0;221;2;660.0799999999999;Väino;Roots;vaino.roots@yahoo.com;2;2;3;7;Potential
4655.0;76;1;327.28;Rein;Mitt;rein.mitt@mail.ee;4;1;1;6;At risk
4656.0;74;5;1101.4;Sigrid;Mitt;sigrid.mitt@telia.ee;4;5;4;13;VIP Champions
4657.0;114;2;601.46;Karin;Mägi;karin.magi@hot.ee;4;2;2;8;Potential
4659.0;66;3;702.22;Meelis;Roots;meelis.roots@telia.ee;4;4;3;11;Loyal
4660.0;438;3;299.72999999999996;Mart;Teder;mart.teder@hot.ee;1;4;1;6;At risk
4661.0;222;1;574.44;Maie;Oja;maie.oja@gmail.com;2;1;2;5;At risk
4662.0;487;4;1710.83;Tiina;Nurk;;1;4;5;10;Loyal
4663.0;48;7;1939.43;Marko;Lepp;marko.lepp@yahoo.com;5;5;5;15;VIP Champions
4664.0;97;3;1078.16;Ene;Oja;ene.oja2@telia.ee;4;4;4;12;Loyal
4665.0;188;5;1106.21;Riina;Kull;riina.kull2@gmail.com;3;5;4;12;Loyal
4666.0;559;2;193.75;Rasmus;Lepp;rasmus.lepp@telia.ee;1;2;1;4;At risk
4667.0;177;1;361.77;Reet;Rosin;reet.rosin@hot.ee;3;1;2;6;At risk
4669.0;332;1;260.72;Maie;Mitt;maie.mitt2@telia.ee;1;1;1;3;Lost
4670.0;247;4;918.16;Margus;Luik;margus.luik@hot.ee;2;4;3;9;Potential
4671.0;187;3;512.77;Annika;Mägi;annika.magi@outlook.com;3;4;2;9;Potential
4672.0;469;4;1575.58;Katrin;Koppel;katrin.koppel@mail.ee;1;4;5;10;Loyal
4673.0;61;5;881.04;Liina;Saar;liina.saar@gmail.com;4;5;3;12;Loyal
4674.0;62;4;572.1;Ragnar;Lõoke;ragnar.looke@yahoo.com;4;4;2;10;Loyal
4675.0;21;3;284.28;Maie;Saar;maie.saar@telia.ee;5;4;1;10;Loyal
4676.0;289;2;325.13;Madis;Arro;madis.arro@outlook.com;2;2;1;5;At risk
4677.0;323;5;446.27;Aili;Pihl;aili.pihl@yahoo.com;2;5;2;9;Potential
4678.0;78;7;2850.45;Kati;Põld;kati.pold@gmail.com;4;5;5;14;VIP Champions
4681.0;420;4;2110.65;Merle;Koppel;merle.koppel@mail.ee;1;4;5;10;Loyal
4682.0;553;2;801.38;Merike;Kivi;;1;2;3;6;At risk
4683.0;395;4;953.32;Rein;Oja;rein.oja@telia.ee;1;4;3;8;Potential
4684.0;41;4;582.55;Siim;Arro;siim.arro@gmail.com;5;4;2;11;Loyal
4685.0;260;5;1537.58;Kaido;Orav;kaido.orav@outlook.com;2;5;5;12;Loyal
4686.0;74;1;274.37;Piret;Vaher;piret.vaher@outlook.com;4;1;1;6;At risk
4687.0;58;7;3116.4300000000003;Sirje;Rand;sirje.rand@outlook.com;5;5;5;15;VIP Champions
4688.0;220;2;1002.53;Anna;Veski;anna.veski@gmail.com;2;2;4;8;Potential
4689.0;321;2;462.79;Tõnu;Sepp;tonu.sepp@mail.ee;2;2;2;6;At risk
4690.0;197;1;126.42;Erkki;Rand;erkki.rand@yahoo.com;3;1;1;5;At risk
4691.0;170;7;1289.28;Andres;Veski;andres.veski@gmail.com;3;5;4;12;Loyal
4692.0;10;2;296.73;Peeter;Mägi;peeter.magi@yahoo.com;5;2;1;8;Potential
4693.0;229;2;182.84;Aili;Kuusk;aili.kuusk@outlook.com;2;2;1;5;At risk
4694.0;426;2;882.58;Eha;Pärn;eha.parn@mail.ee;1;2;3;6;At risk
4695.0;3;1;245.55;Kadri;Kallas;kadri.kallas@mail.ee;5;1;1;7;Potential
4696.0;60;2;661.0;Eha;Vaher;;5;2;3;10;Loyal
4697.0;388;2;676.32;Kristiina;Rosin;kristiina.rosin@gmail.com;1;2;3;6;At risk
4698.0;137;2;1254.67;Kaido;Mägi;kaido.magi@gmail.com;3;2;4;9;Potential
4699.0;54;1;1094.95;Enn;Kull;enn.kull@yahoo.com;5;1;4;10;Loyal
4701.0;115;7;2874.92;Enn;Rebane;;4;5;5;14;VIP Champions
4702.0;392;1;50.85;Meelis;Saar;;1;1;1;3;Lost
4703.0;269;5;782.38;Mihkel;Arro;mihkel.arro@hot.ee;2;5;3;10;Loyal
4704.0;338;1;65.6;Kevin;Valk;kevin.valk@telia.ee;1;1;1;3;Lost
4705.0;363;2;1072.94;Liis;Kivi;liis.kivi@hot.ee;1;2;4;7;Potential
4707.0;127;2;647.44;Reet;Sild;reet.sild@outlook.com;3;2;3;8;Potential
4708.0;236;4;542.88;Ants;Lass;;2;4;2;8;Potential
4709.0;15;3;689.85;Maris;Lepp;maris.lepp2@yahoo.com;5;4;3;12;Loyal
4710.0;100;1;65.6;Anna;Lill;anna.lill@gmail.com;4;1;1;6;At risk
4712.0;119;5;2788.1;Tarmo;Rosin;tarmo.rosin@gmail.com;4;5;5;14;VIP Champions
4713.0;58;2;712.84;Kevin;Rosin;kevin.rosin@telia.ee;5;2;3;10;Loyal
4714.0;38;2;102.51;Erkki;Tammik;erkki.tammik@mail.ee;5;2;1;8;Potential
4715.0;157;4;991.07;Maris;Tamm;maris.tamm@hot.ee;3;4;4;11;Loyal
4716.0;217;3;1414.9299999999998;Katrin;Rosin;katrin.rosin@gmail.com;2;4;4;10;Loyal
4717.0;28;5;2458.06;Kevin;Raud;kevin.raud@gmail.com;5;5;5;15;VIP Champions
4718.0;50;4;1312.27;Rain;Lepp;rain.lepp@gmail.com;5;4;4;13;VIP Champions
4719.0;317;1;55.04;Heli;Lass;heli.lass@gmail.com;2;1;1;4;At risk
4720.0;289;3;1538.52;Maris;Paas;maris.paas@mail.ee;2;4;5;11;Loyal
4722.0;157;3;423.51;Grete;Raud;;3;4;2;9;Potential
4723.0;373;1;159.25;Ene;Raud;ene.raud@outlook.com;1;1;1;3;Lost
4724.0;645;4;1407.79;Madis;Hurt;madis.hurt@yahoo.com;1;4;4;9;Potential
4725.0;11;1;58.49;Mihkel;Liiv;;5;1;1;7;Potential
4726.0;130;1;183.31;Kadri;Männik;kadri.mannik2@outlook.com;3;1;1;5;At risk
4727.0;304;3;626.71;Kaido;Lõoke;kaido.looke@mail.ee;2;4;2;8;Potential
4728.0;69;2;524.37;Tõnu;Kõiv;tonu.koiv@yahoo.com;4;2;2;8;Potential
4729.0;65;5;1295.99;Katrin;Saar;katrin.saar@gmail.com;4;5;4;13;VIP Champions
4730.0;13;3;1175.08;Merike;Lõhmus;merike.lohmus@telia.ee;5;4;4;13;VIP Champions
4731.0;408;1;377.82;Sirje;Tammik;sirje.tammik@mail.ee;1;1;2;4;At risk
4732.0;246;3;464.66;Meelis;Põld;meelis.pold@gmail.com;2;4;2;8;Potential
4734.0;193;1;105.09;Ragnar;Kuusik;ragnar.kuusik2@outlook.com;3;1;1;5;At risk
4735.0;234;3;641.73;Riina;Sepp;riina.sepp@yahoo.com;2;4;3;9;Potential
4736.0;53;2;706.7;Anu;Puusepp;anu.puusepp@gmail.com;5;2;3;10;Loyal
4737.0;307;1;493.94;Piret;Tammik;piret.tammik@hot.ee;2;1;2;5;At risk
4738.0;540;2;993.9499999999999;Toomas;Ilves;;1;2;4;7;Potential
4739.0;480;1;307.24;Grete;Paju;grete.paju@mail.ee;1;1;1;3;Lost
4740.0;340;2;640.67;Kevin;Koppel;kevin.koppel@telia.ee;1;2;3;6;At risk
4741.0;18;2;446.71999999999997;Rasmus;Värk;;5;2;2;9;Potential
4742.0;39;6;1206.67;Taavi;Aas;taavi.aas@gmail.com;5;5;4;14;VIP Champions
4743.0;145;2;626.5799999999999;Sigrid;Nurk;sigrid.nurk@mail.ee;3;2;2;7;Potential
4744.0;620;1;407.4;Sandra;Oja;;1;1;2;4;At risk
4745.0;770;1;263.13;Meelis;Must;meelis.must@mail.ee;1;1;1;3;Lost
4746.0;33;5;1002.46;Ants;Nurk;ants.nurk@outlook.com;5;5;4;14;VIP Champions
4747.0;218;8;1944.37;Anna;Liiv;anna.liiv@hot.ee;2;5;5;12;Loyal
4748.0;64;4;1090.8200000000002;Külli;Paas;kulli.paas@telia.ee;4;4;4;12;Loyal
4749.0;267;3;969.66;Väino;Kull;vaino.kull@yahoo.com;2;4;4;10;Loyal
4750.0;506;1;285.14;Raivo;Kask;raivo.kask@telia.ee;1;1;1;3;Lost
4752.0;320;3;523.21;Eha;Paju;eha.paju@outlook.com;2;4;2;8;Potential
4754.0;682;2;79.75999999999999;Sigrid;Mets;sigrid.mets@gmail.com;1;2;1;4;At risk
4755.0;133;6;1520.03;Liina;Kask;liina.kask2@hot.ee;3;5;5;13;VIP Champions
4756.0;355;3;1370.78;Priit;Lõoke;priit.looke@hot.ee;1;4;4;9;Potential
4757.0;292;3;842.39;Mihkel;Talvik;mihkel.talvik@gmail.com;2;4;3;9;Potential
4759.0;201;2;677.11;Kadri;Koppel;kadri.koppel@outlook.com;3;2;3;8;Potential
4760.0;298;4;1756.15;Indrek;Raud;indrek.raud@yahoo.com;2;4;5;11;Loyal
4761.0;158;2;162.67000000000002;Raivo;Lepp;raivo.lepp@telia.ee;3;2;1;6;At risk
4762.0;379;6;1612.76;Reet;Aas;reet.aas@outlook.com;1;5;5;11;Loyal
4763.0;9;6;1957.31;Grete;Kallas;grete.kallas@hot.ee;5;5;5;15;VIP Champions
4765.0;200;5;937.25;Kati;Lill;kati.lill@mail.ee;3;5;3;11;Loyal
4767.0;47;4;2578.12;Kersti;Lõoke;kersti.looke@telia.ee;5;4;5;14;VIP Champions
4768.0;223;5;1386.42;Sandra;Koppel;;2;5;4;11;Loyal
4769.0;285;2;791.02;Maie;Orav;maie.orav@telia.ee;2;2;3;7;Potential
4771.0;270;1;301.2;Arvo;Ilves;arvo.ilves@hot.ee;2;1;1;4;At risk
4772.0;163;3;583.78;Tiina;Toom;tiina.toom@telia.ee;3;4;2;9;Potential
4773.0;722;1;47.36;Henri;Aas;henri.aas@hot.ee;1;1;1;3;Lost
4774.0;48;3;1296.53;Sandra;Raid;;5;4;4;13;VIP Champions
4775.0;61;1;95.87;Riina;Kuusk;riina.kuusk@telia.ee;4;1;1;6;At risk
4776.0;29;2;932.4599999999999;Maie;Männik;maie.mannik@mail.ee;5;2;3;10;Loyal
4779.0;75;5;2784.51;Merike;Kõiv;merike.koiv@gmail.com;4;5;5;14;VIP Champions
4780.0;151;4;678.83;Liina;Rand;liina.rand@mail.ee;3;4;3;10;Loyal
4781.0;266;3;1315.65;Kristjan;Orav;kristjan.orav@outlook.com;2;4;4;10;Loyal
4782.0;25;5;1426.33;Heli;Ilves;heli.ilves@mail.ee;5;5;5;15;VIP Champions
4783.0;96;4;2935.81;Lauri;Kukk;;4;4;5;13;VIP Champions
4784.0;374;1;304.26;Raivo;Valk;raivo.valk@mail.ee;1;1;1;3;Lost
4785.0;33;3;1002.9100000000001;Anu;Mägi;anu.magi@telia.ee;5;4;4;13;VIP Champions
4786.0;221;3;603.74;Enn;Järv;enn.jarv@telia.ee;2;4;2;8;Potential
4787.0;416;2;135.51;Anu;Salu;anu.salu@outlook.com;1;2;1;4;At risk
4788.0;136;1;529.95;Ragnar;Org;ragnar.org@hot.ee;3;1;2;6;At risk
4789.0;652;1;42.64;Enn;Teder;;1;1;1;3;Lost
4790.0;358;2;395.56;Tõnu;Sild;;1;2;2;5;At risk
4791.0;285;3;1955.72;Liis;Sepp;liis.sepp@yahoo.com;2;4;5;11;Loyal
4792.0;193;3;789.36;Heli;Rebane;heli.rebane@telia.ee;3;4;3;10;Loyal
4793.0;120;3;229.41000000000003;Hille;Värk;hille.vark@mail.ee;4;4;1;9;Potential
4794.0;73;4;1341.8400000000001;Siim;Kask;;4;4;4;12;Loyal
4797.0;70;2;522.52;Annika;Luik;annika.luik@telia.ee;4;2;2;8;Potential
4799.0;129;2;840.3199999999999;Peeter;Liiv;peeter.liiv@yahoo.com;3;2;3;8;Potential
4800.0;510;4;661.82;Meelis;Aas;meelis.aas@gmail.com;1;4;3;8;Potential
4801.0;500;2;254.71999999999997;Ants;Lõhmus;ants.lohmus@mail.ee;1;2;1;4;At risk
4803.0;257;5;1387.3999999999999;Kristi;Koppel;;2;5;4;11;Loyal
4804.0;6;3;843.1999999999999;Tiina;Nõmm;tiina.nomm@telia.ee;5;4;3;12;Loyal
4807.0;85;2;263.34;Rasmus;Värk;rasmus.vark@gmail.com;4;2;1;7;Potential
4808.0;99;4;755.5699999999999;Grete;Ilves;grete.ilves@mail.ee;4;4;3;11;Loyal
4809.0;185;2;1075.0;Heli;Tammik;heli.tammik@gmail.com;3;2;4;9;Potential
4810.0;99;4;1858.98;Henri;Kull;henri.kull@gmail.com;4;4;5;13;VIP Champions
4811.0;133;2;325.9;Kevin;Toom;;3;2;1;6;At risk
4812.0;275;4;1167.75;Ago;Kuusk;ago.kuusk@hot.ee;2;4;4;10;Loyal
4815.0;120;4;1104.5;Arvo;Laas;arvo.laas@mail.ee;4;4;4;12;Loyal
4816.0;257;3;1110.8;Külli;Lõhmus;kulli.lohmus@mail.ee;2;4;4;10;Loyal
4817.0;68;3;1429.1000000000001;Anu;Orav;anu.orav@outlook.com;4;4;5;13;VIP Champions
4818.0;62;3;446.72;Katrin;Arro;katrin.arro@gmail.com;4;4;2;10;Loyal
4819.0;52;1;149.62;Meelis;Veski;meelis.veski@yahoo.com;5;1;1;7;Potential
4820.0;224;2;334.3;Riina;Lõhmus;;2;2;1;5;At risk
4821.0;167;3;1005.1;Rain;Lepik;rain.lepik@gmail.com;3;4;4;11;Loyal
4822.0;251;3;914.31;Ants;Lõhmus;ants.lohmus2@gmail.com;2;4;3;9;Potential
4824.0;603;2;302.76;Tarmo;Sild;;1;2;1;4;At risk
4825.0;79;3;931.48;Karin;Lepp;;4;4;3;11;Loyal
4826.0;104;4;660.0;Raivo;Talvik;raivo.talvik@mail.ee;4;4;3;11;Loyal
4827.0;106;2;386.51000000000005;Lauri;Kukk;lauri.kukk@yahoo.com;4;2;2;8;Potential
4828.0;155;3;153.54000000000002;Meelis;Kuusk;meelis.kuusk@yahoo.com;3;4;1;8;Potential
4829.0;103;3;664.11;Merike;Ilves;merike.ilves@telia.ee;4;4;3;11;Loyal
4830.0;47;7;2294.85;Sander;Sepp;sander.sepp@yahoo.com;5;5;5;15;VIP Champions
4831.0;81;2;405.96;Enn;Kangur;enn.kangur@gmail.com;4;2;2;8;Potential
4832.0;129;1;368.14;Terje;Laas;terje.laas@mail.ee;3;1;2;6;At risk
4833.0;447;3;647.03;Jüri;Valk;juri.valk@yahoo.com;1;4;3;8;Potential
4834.0;427;3;614.6400000000001;Eha;Luik;eha.luik@gmail.com;1;4;2;7;Potential
4836.0;79;3;949.26;Kati;Kõiv;kati.koiv@hot.ee;4;4;3;11;Loyal
4837.0;237;4;501.03999999999996;Merike;Kask;merike.kask@outlook.com;2;4;2;8;Potential
4838.0;77;2;2033.3400000000001;Taavi;Kuusik;taavi.kuusik@outlook.com;4;2;5;11;Loyal
4839.0;17;4;888.18;Anna;Kangur;anna.kangur@gmail.com;5;4;3;12;Loyal
4840.0;417;2;407.64;Siim;Toom;siim.toom@telia.ee;1;2;2;5;At risk
4841.0;147;2;315.49;Olev;Lõhmus;olev.lohmus@hot.ee;3;2;1;6;At risk
4843.0;206;3;1166.26;Ago;Mets;ago.mets@gmail.com;2;4;4;10;Loyal
4844.0;49;2;913.14;Ragnar;Raid;ragnar.raid2@outlook.com;5;2;3;10;Loyal
4845.0;22;2;174.38;Tõnu;Laas;tonu.laas@yahoo.com;5;2;1;8;Potential
4846.0;222;5;1178.89;Kadri;Roots;kadri.roots@hot.ee;2;5;4;11;Loyal
4847.0;264;5;1374.8400000000001;Heli;Sepp;heli.sepp@outlook.com;2;5;4;11;Loyal
4848.0;352;3;1615.8799999999999;Mart;Teder;mart.teder3@hot.ee;1;4;5;10;Loyal
4849.0;138;5;1329.3600000000001;Ülle;Arro;ulle.arro@mail.ee;3;5;4;12;Loyal
4850.0;229;7;1842.45;Sirje;Rand;sirje.rand@mail.ee;2;5;5;12;Loyal
4851.0;359;7;2747.85;Aivar;Orav;aivar.orav@outlook.com;1;5;5;11;Loyal
4853.0;44;4;1319.8400000000001;Sander;Männik;sander.mannik@outlook.com;5;4;4;13;VIP Champions
4854.0;91;2;822.76;Jaak;Kull;jaak.kull@hot.ee;4;3;3;10;Loyal
4855.0;39;6;1875.41;Merle;Koppel;merle.koppel@hot.ee;5;5;5;15;VIP Champions
4856.0;53;1;374.32;Kati;Rosin;kati.rosin2@telia.ee;5;1;2;8;Potential
4857.0;25;3;969.03;Siim;Oja;siim.oja@yahoo.com;5;4;4;13;VIP Champions
4858.0;20;3;407.13;Sandra;Aas;sandra.aas@mail.ee;5;4;2;11;Loyal
4859.0;14;5;1097.19;Heli;Rebane;heli.rebane@gmail.com;5;5;4;14;VIP Champions
4860.0;297;3;1317.55;Marit;Arro;marit.arro@telia.ee;2;4;4;10;Loyal
4861.0;235;3;394.86;Laura;Mets;laura.mets@yahoo.com;2;4;2;8;Potential
4862.0;278;6;3186.6400000000003;Erkki;Liiv;erkki.liiv@yahoo.com;2;5;5;12;Loyal
4863.0;634;2;1009.0200000000001;Meelis;Nurk;meelis.nurk@yahoo.com;1;3;4;8;Potential
4864.0;62;3;721.17;Kersti;Kuusik;kersti.kuusik@mail.ee;4;4;3;11;Loyal
4865.0;107;2;420.34000000000003;Ene;Saar;ene.saar@gmail.com;4;3;2;9;Potential
4867.0;59;6;2021.61;Kersti;Värk;;5;5;5;15;VIP Champions
4868.0;68;5;1420.91;Kristjan;Sepp;kristjan.sepp@mail.ee;4;5;4;13;VIP Champions
4869.0;127;2;309.48;Olev;Orav;olev.orav@hot.ee;3;3;1;7;Potential
4870.0;130;6;1330.83;Rein;Männik;rein.mannik@yahoo.com;3;5;4;12;Loyal
4871.0;233;1;243.96;Eha;Tamm;eha.tamm@yahoo.com;2;1;1;4;At risk
4872.0;265;2;1502.9499999999998;Indrek;Tammik;indrek.tammik@mail.ee;2;3;5;10;Loyal
4873.0;85;4;1106.45;Pille;Rosin;;4;4;4;12;Loyal
4876.0;119;2;427.71000000000004;Heino;Talvik;heino.talvik@gmail.com;4;3;2;9;Potential
4877.0;16;1;282.1;Erkki;Raid;erkki.raid@yahoo.com;5;1;1;7;Potential
4878.0;103;1;29.48;Kati;Kask;kati.kask@gmail.com;4;1;1;6;At risk
4879.0;73;1;121.98;Indrek;Rand;indrek.rand@hot.ee;4;1;1;6;At risk
4880.0;150;2;389.56;Sander;Oja;sander.oja@hot.ee;3;3;2;8;Potential
4881.0;15;5;1794.1;Peeter;Sild;;5;5;5;15;VIP Champions
4882.0;76;2;304.59000000000003;Siim;Kull;siim.kull@gmail.com;4;3;1;8;Potential
4883.0;195;4;1160.1999999999998;Ene;Kuusk;;3;4;4;11;Loyal
4886.0;85;6;2688.3;Indrek;Veski;indrek.veski@mail.ee;4;5;5;14;VIP Champions
4887.0;219;4;710.54;Sirje;Arro;sirje.arro@gmail.com;2;4;3;9;Potential
4889.0;614;1;109.9;Kristi;Pihl;kristi.pihl@hot.ee;1;1;1;3;Lost
4890.0;675;2;349.34;Sander;Lass;sander.lass@mail.ee;1;3;2;6;At risk
4891.0;210;1;307.83;Ragnar;Tammik;ragnar.tammik@hot.ee;2;1;1;4;At risk
4892.0;533;2;498.87;Tiina;Pihl;;1;3;2;6;At risk
4893.0;662;3;743.75;Nele;Talvik;;1;4;3;8;Potential
4894.0;259;4;662.6;Kadri;Ilves;kadri.ilves@outlook.com;2;4;3;9;Potential
4895.0;119;2;561.69;Jaak;Sild;jaak.sild@gmail.com;4;3;2;9;Potential
4896.0;28;5;1431.06;Meelis;Toom;meelis.toom@yahoo.com;5;5;5;15;VIP Champions
4898.0;556;1;53.58;Erkki;Hurt;erkki.hurt@yahoo.com;1;1;1;3;Lost
4899.0;621;2;996.4;Kati;Lass;kati.lass@outlook.com;1;3;4;8;Potential
4900.0;222;2;880.94;Sandra;Puusepp;;2;3;3;8;Potential
4901.0;73;2;926.2;Kristi;Lõoke;kristi.looke@outlook.com;4;3;3;10;Loyal
4903.0;109;5;1659.27;Jüri;Kallas;juri.kallas@mail.ee;4;5;5;14;VIP Champions
4905.0;140;4;1702.97;Lea;Roots;lea.roots@hot.ee;3;4;5;12;Loyal
4906.0;149;3;977.5300000000001;Raivo;Roots;raivo.roots@mail.ee;3;4;4;11;Loyal
4907.0;185;5;1163.17;Kaido;Laas;kaido.laas@yahoo.com;3;5;4;12;Loyal
4908.0;126;3;730.82;Elis;Kaalep;elis.kaalep@hot.ee;3;4;3;10;Loyal
4909.0;203;4;833.6;Mihkel;Talvik;mihkel.talvik2@hot.ee;3;4;3;10;Loyal
4910.0;534;1;84.95;Heino;Hurt;heino.hurt@telia.ee;1;1;1;3;Lost
4911.0;531;1;348.6;Peeter;Kukk;peeter.kukk@gmail.com;1;1;2;4;At risk
4912.0;96;2;347.96;Taavi;Pihl;taavi.pihl@gmail.com;4;3;2;9;Potential
4913.0;412;1;166.27;Sandra;Kukk;sandra.kukk@yahoo.com;1;1;1;3;Lost
4914.0;407;4;1030.0800000000002;Aivar;Talvik;aivar.talvik@hot.ee;1;4;4;9;Potential
4915.0;217;3;1140.94;Kadri;Tamm;kadri.tamm@gmail.com;2;4;4;10;Loyal
4917.0;181;2;273.09;Merle;Nurk;merle.nurk@yahoo.com;3;3;1;7;Potential
4918.0;21;4;1425.54;Külli;Laas;kulli.laas@gmail.com;5;4;5;14;VIP Champions
4919.0;467;2;288.27;Nele;Kukk;nele.kukk@hot.ee;1;3;1;5;At risk
4920.0;219;2;436.15000000000003;Aili;Kangur;;2;3;2;7;Potential
4923.0;51;2;1091.64;Eha;Puusepp;eha.puusepp@gmail.com;5;3;4;12;Loyal
4924.0;75;2;563.8000000000001;Liina;Veski;liina.veski@mail.ee;4;3;2;9;Potential
4927.0;498;3;449.93;Grete;Org;;1;4;2;7;Potential
4928.0;68;4;1600.21;Tõnu;Männik;tonu.mannik@yahoo.com;4;4;5;13;VIP Champions
4929.0;5;5;1124.67;Raivo;Kask;raivo.kask@mail.ee;5;5;4;14;VIP Champions
4930.0;520;2;178.75;Raivo;Rebane;raivo.rebane@telia.ee;1;3;1;5;At risk
4931.0;48;5;1188.26;Marit;Kuusk;marit.kuusk@telia.ee;5;5;4;14;VIP Champions
4932.0;283;4;743.11;Triin;Mitt;triin.mitt3@outlook.com;2;4;3;9;Potential
4933.0;530;1;130.73;Piret;Hurt;piret.hurt2@mail.ee;1;1;1;3;Lost
4934.0;6;6;1844.1;Marika;Rebane;marika.rebane@mail.ee;5;5;5;15;VIP Champions
4935.0;57;3;505.89;Priit;Paas;priit.paas@yahoo.com;5;4;2;11;Loyal
4936.0;21;3;518.44;Ants;Põld;ants.pold@telia.ee;5;4;2;11;Loyal
4937.0;535;3;581.88;Heino;Tammik;heino.tammik2@mail.ee;1;4;2;7;Potential
4938.0;79;4;1063.1200000000001;Enn;Liiv;enn.liiv@telia.ee;4;4;4;12;Loyal
4939.0;134;1;605.72;Madis;Tammik;madis.tammik@yahoo.com;3;1;2;6;At risk
4940.0;390;3;556.6700000000001;Liina;Liiv;liina.liiv@hot.ee;1;4;2;7;Potential
4942.0;215;1;205.0;Kati;Valk;;2;1;1;4;At risk
4943.0;293;1;152.85;Arvo;Valk;arvo.valk@yahoo.com;2;1;1;4;At risk
4944.0;53;1;443.76;Nele;Oja;;5;1;2;8;Potential
4947.0;256;3;1107.31;Anna;Nõmm;;2;4;4;10;Loyal
4948.0;684;2;344.72;Enn;Kull;enn.kull2@yahoo.com;1;3;1;5;At risk
4949.0;3;65;19580.28;Marika;Sepp;marika.sepp@gmail.com;5;5;5;15;VIP Champions
4950.0;25;4;552.89;Raivo;Kuusk;;5;4;2;11;Loyal
4951.0;15;5;1037.91;Enn;Hurt;enn.hurt@outlook.com;5;5;4;14;VIP Champions
4952.0;166;5;1742.4;Eha;Paas;eha.paas@outlook.com;3;5;5;13;VIP Champions
4953.0;95;3;862.86;Mihkel;Koppel;mihkel.koppel@hot.ee;4;4;3;11;Loyal
4954.0;350;1;63.95;Sander;Saar;sander.saar@yahoo.com;1;1;1;3;Lost
4955.0;289;3;977.5699999999999;Kevin;Kivi;;2;4;4;10;Loyal
4956.0;273;2;376.41;Andres;Valk;andres.valk@telia.ee;2;3;2;7;Potential
4957.0;151;1;48.58;Kristjan;Valk;kristjan.valk@yahoo.com;3;1;1;5;At risk
4958.0;190;3;999.7099999999999;Marit;Sild;marit.sild@telia.ee;3;4;4;11;Loyal
4959.0;151;2;482.93;Kaido;Aas;kaido.aas@hot.ee;3;3;2;8;Potential
4960.0;381;2;976.54;Arvo;Orav;arvo.orav@hot.ee;1;3;4;8;Potential
4961.0;186;2;410.1;Ago;Luik;ago.luik@mail.ee;3;3;2;8;Potential
4962.0;116;5;1526.2799999999997;Piret;Luik;piret.luik@hot.ee;4;5;5;14;VIP Champions
4963.0;5;5;1365.1;Anu;Kuusk;anu.kuusk@yahoo.com;5;5;4;14;VIP Champions
4964.0;303;6;652.41;Külli;Talvik;kulli.talvik@yahoo.com;2;5;3;10;Loyal
4965.0;588;3;459.6;Ants;Kask;;1;4;2;7;Potential
4966.0;17;4;748.6600000000001;Nele;Kivi;;5;4;3;12;Loyal
4967.0;239;3;1095.17;Riina;Laas;riina.laas@gmail.com;2;4;4;10;Loyal
4968.0;103;2;380.61;Tõnu;Mitt;tonu.mitt@outlook.com;4;3;2;9;Potential
4969.0;275;3;681.97;Jaak;Kuusik;jaak.kuusik@yahoo.com;2;4;3;9;Potential
4970.0;25;3;896.1500000000001;Ene;Kõiv;ene.koiv@outlook.com;5;4;3;12;Loyal
4971.0;223;2;898.3499999999999;Ants;Nurk;ants.nurk@yahoo.com;2;3;3;8;Potential
4973.0;87;4;1253.86;Andres;Nõmm;andres.nomm@hot.ee;4;4;4;12;Loyal
4974.0;33;2;369.03000000000003;Mihkel;Toom;;5;3;2;10;Loyal
4975.0;5;2;459.89;Tarmo;Puusepp;tarmo.puusepp@outlook.com;5;3;2;10;Loyal
4976.0;164;5;965.96;Anu;Järv;anu.jarv@outlook.com;3;5;4;12;Loyal
4978.0;165;1;418.1;Rasmus;Aas;rasmus.aas@gmail.com;3;1;2;6;At risk
4980.0;89;1;585.22;Margus;Mets;margus.mets@mail.ee;4;1;2;7;Potential
4981.0;65;3;882.62;Toomas;Mitt;toomas.mitt@gmail.com;4;4;3;11;Loyal
4982.0;493;4;757.8399999999999;Nele;Lepp;nele.lepp@outlook.com;1;4;3;8;Potential
4983.0;189;3;1082.65;Henri;Saar;henri.saar@mail.ee;3;4;4;11;Loyal
4984.0;207;5;983.13;Jaak;Rosin;jaak.rosin@hot.ee;2;5;4;11;Loyal
4985.0;624;3;496.2;Anu;Kallas;anu.kallas@outlook.com;1;4;2;7;Potential
4986.0;63;2;1350.01;Lea;Mets;lea.mets2@telia.ee;4;3;4;11;Loyal
4987.0;616;2;757.19;Merle;Must;merle.must@telia.ee;1;3;3;7;Potential
4988.0;281;2;163.33999999999997;Kristi;Talvik;kristi.talvik@hot.ee;2;3;1;6;At risk
4989.0;297;2;561.77;Rain;Kaalep;rain.kaalep@hot.ee;2;3;2;7;Potential
4990.0;249;2;540.66;Sigrid;Veski;sigrid.veski@mail.ee;2;3;2;7;Potential
4991.0;83;2;311.3;Külli;Raid;;4;3;1;8;Potential
4992.0;18;1;773.55;Priit;Org;;5;1;3;9;Potential
4993.0;350;2;291.91;Sandra;Liiv;sandra.liiv@hot.ee;1;3;1;5;At risk
4995.0;3;4;1527.95;Riina;Luik;riina.luik@telia.ee;5;4;5;14;VIP Champions
4996.0;129;1;693.4;Tiit;Kaalep;;3;1;3;7;Potential
4997.0;217;5;1579.5900000000001;Anu;Lõhmus;anu.lohmus@telia.ee;2;5;5;12;Loyal
4998.0;9;2;464.01;Laura;Kull;laura.kull2@yahoo.com;5;3;2;10;Loyal
4999.0;525;2;593.99;Sandra;Mägi;sandra.magi@telia.ee;1;3;2;6;At risk
5000.0;60;1;41.63;Annika;Toom;annika.toom@telia.ee;5;1;1;7;Potential
